timestamp,last,bbMiddle,bbLow,bbUp,icmkP,icmkten,icmkki,stTrend,stNum,macdTrend,macdLine,macdSignal,rsEmTrend,rsEmRsi,rsEmEma,emSmTrend,emSmShort,emSmLong,cciValue
28-07-2023 07:00,29253.85000000,29251.643,29029.043,29474.242,29253.85,29386.926,29605.95,DOWN,29671.242,UP,-84.009605,-106.88466,DOWN,43.429764,45.862514,UP,29303.752,29272.197,-8.277964
28-07-2023 11:00,29140.80000000,29252.783,29032.717,29472.852,29140.8,29386.926,29502.7,DOWN,29671.242,UP,-91.39081,-103.78589,DOWN,39.495422,45.385166,DOWN,29271.162,29272.102,-63.508003
28-07-2023 15:00,29206.59000000,29254.287,29035.922,29472.654,29206.59,29386.926,29480.74,DOWN,29671.242,UP,-90.88411,-101.205536,DOWN,42.74603,44.841583,DOWN,29258.248,29276.707,-56.993103
28-07-2023 19:00,29387.99000000,29268.137,29052.766,29483.51,29387.99,29325.67,29365.95,DOWN,29671.242,UP,-74.98075,-95.96058,UP,50.62305,45.412083,DOWN,29284.195,29288.852,75.13739
28-07-2023 23:00,29316.00000000,29276.814,29068.527,29485.102,29316.0,29325.67,29347.22,DOWN,29671.242,UP,-67.409164,-90.2503,UP,47.81173,45.36896,DOWN,29290.557,29295.744,11.821945
29-07-2023 03:00,29314.14000000,29286.107,29088.863,29483.35,29314.14,29325.67,29275.95,DOWN,29671.242,UP,-60.857193,-84.37167,UP,47.737965,45.28127,DOWN,29295.273,29300.758,21.09702
29-07-2023 07:00,29371.89000000,29295.627,29101.137,29490.115,29371.89,29313.035,29345.0,DOWN,29671.242,UP,-50.42351,-77.58204,UP,50.30175,44.95366,UP,29310.596,29308.352,43.709606
29-07-2023 11:00,29295.01000000,29300.436,29111.068,29489.8,29295.01,29313.035,29368.824,DOWN,29671.242,UP,-47.807228,-71.627075,UP,46.996483,45.341545,DOWN,29307.479,29312.963,21.500631
29-07-2023 15:00,29267.16000000,29302.348,29115.148,29489.547,29267.16,29332.67,29368.824,DOWN,29671.242,UP,-47.434273,-66.78852,DOWN,45.821873,46.107117,DOWN,29299.416,29318.361,-23.406336
29-07-2023 19:00,29292.34000000,29304.824,29119.541,29490.107,29292.34,29332.67,29382.275,DOWN,29671.242,UP,-44.59285,-62.349384,UP,47.10901,46.515923,DOWN,29298.0,29316.498,-15.236055
29-07-2023 23:00,29338.02000000,29310.895,29129.658,29492.13,29338.02,29332.67,29386.42,DOWN,29671.242,UP,-38.214493,-57.522408,UP,49.45504,47.622547,DOWN,29306.004,29312.74,8.689259
30-07-2023 03:00,29352.90000000,29319.77,29148.855,29490.686,29352.9,29368.135,29386.42,DOWN,29671.242,UP,-31.594706,-52.336864,UP,50.229477,48.45404,UP,29315.383,29312.795,33.846657
30-07-2023 07:00,29314.92000000,29319.316,29148.4,29490.232,29314.92,29300.484,29386.926,DOWN,29668.469,UP,-29.077951,-47.68508,UP,48.199516,48.18476,UP,29315.291,29307.45,-3.2999406
30-07-2023 11:00,29294.31000000,29313.936,29147.033,29480.838,29294.31,29331.55,29386.926,DOWN,29557.615,UP,-28.418865,-43.83184,DOWN,47.087425,48.104282,UP,29311.094,29300.518,-28.874235
30-07-2023 15:00,29314.00000000,29312.037,29146.047,29478.027,29314.0,29319.57,29386.926,DOWN,29503.143,UP,-26.007914,-40.267056,UP,48.314358,48.168327,UP,29311.676,29289.162,-30.70056
30-07-2023 19:00,29349.37000000,29309.217,29147.84,29470.592,29349.37,29340.61,29386.926,DOWN,29503.143,UP,-21.001066,-36.413857,UP,50.533314,48.194054,UP,29319.215,29292.537,52.742386
30-07-2023 23:00,29202.28000000,29298.723,29138.195,29459.25,29202.28,29281.256,29386.926,DOWN,29503.143,UP,-28.572668,-34.84562,DOWN,42.384117,47.68157,UP,29295.828,29294.799,-82.34539
31-07-2023 03:00,29281.09000000,29287.426,29158.42,29416.43,29281.09,29241.12,29361.62,DOWN,29503.143,UP,-27.892384,-33.45497,DOWN,47.28892,47.844574,DOWN,29292.88,29296.4,-122.499695
31-07-2023 07:00,29421.99000000,29293.924,29152.184,29435.666,29421.99,29281.62,29361.62,DOWN,29503.143,UP,-15.80165,-29.924307,UP,54.7119,48.689342,UP,29318.701,29312.941,140.98947
31-07-2023 11:00,29373.61000000,29304.412,29171.99,29436.836,29373.61,29281.62,29361.62,DOWN,29503.143,UP,-10.00815,-25.941076,UP,52.00388,48.972546,UP,29329.684,29322.766,115.79783
31-07-2023 15:00,29405.99000000,29312.02,29174.701,29449.338,29405.99,29281.62,29300.365,DOWN,29503.143,UP,-2.77201,-21.307262,UP,53.657166,49.3534,UP,29344.945,29323.824,97.0302
31-07-2023 19:00,29247.98000000,29317.379,29200.338,29434.42,29247.98,29281.62,29300.365,DOWN,29503.143,UP,-9.675866,-18.980984,DOWN,45.43278,49.045986,UP,29325.553,29319.824,-3.032144
31-07-2023 23:00,29157.48000000,29314.924,29187.123,29442.725,29157.48,29281.62,29300.365,DOWN,29503.143,DOWN,-22.193977,-19.623583,DOWN,41.508488,48.4261,DOWN,29291.938,29310.607,-207.18246
01-08-2023 03:00,29232.25000000,29307.137,29179.113,29435.158,29232.25,29281.62,29287.73,DOWN,29503.143,DOWN,-25.784132,-20.855692,DOWN,45.68287,48.133717,DOWN,29280.0,29302.395,-132.75992
01-08-2023 07:00,28835.00000000,29283.086,29040.924,29525.25,28835.0,29125.0,29131.11,DOWN,29503.143,DOWN,-59.992554,-28.683065,DOWN,32.437412,46.12306,DOWN,29191.0,29275.334,-323.01352
01-08-2023 11:00,28937.30000000,29264.244,28979.738,29548.75,28937.3,29125.0,29131.11,DOWN,29503.143,DOWN,-77.94967,-38.536385,DOWN,37.46579,45.57658,DOWN,29140.26,29255.932,-264.96094
01-08-2023 15:00,28862.19000000,29238.76,28909.582,29567.938,28862.19,29125.0,29131.11,DOWN,29503.143,DOWN,-97.121994,-50.253506,DOWN,35.383553,44.25376,DOWN,29084.646,29230.629,-201.49632
01-08-2023 19:00,28954.00000000,29221.709,28871.31,29572.107,28954.0,29029.836,29063.96,DOWN,29490.77,DOWN,-103.71237,-60.94528,DOWN,39.7886,42.595615,DOWN,29058.518,29208.04,-188.34265
01-08-2023 23:00,29274.41000000,29222.072,28871.47,29572.674,29274.41,29029.836,29063.96,DOWN,29490.77,DOWN,-82.13409,-65.183044,UP,52.06927,42.602882,DOWN,29101.695,29203.422,-29.164165
02-08-2023 03:00,29705.99000000,29242.754,28834.025,29651.482,29705.99,29162.475,29162.475,UP,28547.34,UP,-29.863995,-58.119232,UP,63.01236,43.642345,DOWN,29222.555,29226.426,140.7824
02-08-2023 07:00,29632.96000000,29257.502,28816.111,29698.89,29632.96,29316.6,29316.6,UP,28821.537,UP,5.6029334,-45.374798,UP,60.49542,45.315975,UP,29304.635,29246.346,206.51918
02-08-2023 11:00,29577.26000000,29268.719,28807.252,29730.186,29577.26,29316.6,29316.6,UP,28821.537,UP,28.883257,-30.523188,UP,58.573708,47.21211,UP,29359.16,29261.832,132.75867
02-08-2023 15:00,29562.49000000,29281.098,28802.379,29759.816,29562.49,29316.6,29316.6,UP,28821.537,UP,45.61544,-15.295463,UP,58.047134,48.58592,UP,29399.826,29274.37,82.82928
02-08-2023 19:00,29321.40000000,29282.451,28803.438,29761.465,29321.4,29316.6,29316.6,UP,28821.537,UP,38.972614,-4.441847,DOWN,50.125793,50.551292,UP,29384.14,29281.375,30.570974
02-08-2023 23:00,29151.56000000,29274.33,28792.232,29756.428,29151.56,29316.6,29316.6,UP,28821.537,UP,19.7755,0.40162244,DOWN,45.42316,51.435444,UP,29337.625,29273.756,-42.035976
03-08-2023 03:00,29186.01000000,29266.162,28783.89,29748.432,29186.01,29316.6,29316.6,UP,28821.537,UP,7.257811,1.7728602,DOWN,46.519165,52.672733,UP,29307.303,29259.875,-33.837933
03-08-2023 07:00,29182.14000000,29265.154,28782.271,29748.04,29182.14,29455.756,29316.6,UP,28821.537,DOWN,-2.9409225,0.8301037,DOWN,46.40642,53.408047,UP,29282.27,29248.613,-21.578293
03-08-2023 11:00,29044.17000000,29253.309,28761.037,29745.58,29044.17,29487.5,29316.6,UP,28821.537,DOWN,-21.904022,-3.7167215,DOWN,42.455917,52.339897,UP,29234.65,29227.328,-55.867462
03-08-2023 15:00,29146.01000000,29239.51,28751.47,29727.549,29146.01,29487.5,29316.6,UP,28821.537,DOWN,-28.387545,-8.650887,DOWN,46.103092,50.46109,DOWN,29216.922,29221.33,-44.74746
03-08-2023 19:00,29259.07000000,29233.783,28749.5,29718.066,29259.07,29323.635,29316.6,UP,28821.537,DOWN,-24.124691,-11.745647,UP,49.899506,49.283768,DOWN,29225.352,29227.307,9.063129
03-08-2023 23:00,29281.32000000,29227.549,28749.12,29705.98,29281.32,29265.65,29316.6,UP,28821.537,DOWN,-18.734995,-13.143517,UP,50.63643,48.401848,UP,29236.545,29230.193,13.712714
04-08-2023 03:00,29193.64000000,29224.832,28746.28,29703.385,29193.64,29265.65,29316.6,UP,28821.537,DOWN,-21.293211,-14.773456,UP,47.66133,47.247868,DOWN,29227.965,29251.29,7.1050253
04-08-2023 07:00,29161.29000000,29225.023,28746.574,29703.47,29161.29,29180.414,29316.6,UP,28821.537,DOWN,-25.635479,-16.94586,DOWN,46.574055,46.85323,DOWN,29214.629,29264.465,-18.431215
04-08-2023 11:00,29212.92000000,29224.057,28745.592,29702.521,29212.92,29200.664,29316.6,UP,28821.537,DOWN,-24.626766,-18.482042,UP,48.5898,47.20508,DOWN,29214.287,29285.096,-7.2930255
04-08-2023 15:00,29167.51000000,29240.682,28795.498,29685.865,29167.51,29200.664,29316.6,UP,28821.537,DOWN,-27.178268,-20.221287,DOWN,46.91326,47.248867,DOWN,29204.932,29297.656,-16.225082
04-08-2023 19:00,29274.28000000,29257.531,28834.6,29680.463,29274.28,29200.664,29316.6,UP,28821.537,DOWN,-20.350319,-20.247093,UP,51.17867,47.779118,DOWN,29218.8,29297.648,-0.97737634
04-08-2023 23:00,29032.06000000,29266.025,28869.174,29662.875,29032.06,29191.664,29316.6,UP,28821.537,DOWN,-34.091267,-23.015928,DOWN,42.780804,47.815216,DOWN,29181.453,29258.006,-73.554955
05-08-2023 03:00,29113.99000000,29274.023,28896.684,29651.365,29113.99,29120.436,29316.6,UP,28821.537,DOWN,-37.932735,-25.99929,DOWN,46.00801,47.804653,DOWN,29167.96,29227.479,-112.84917
05-08-2023 07:00,29094.53000000,29265.03,28879.666,29650.395,29094.53,29088.2,29316.6,UP,28821.537,DOWN,-42.062515,-29.211935,DOWN,45.353703,47.299564,DOWN,29153.275,29199.082,-71.668396
05-08-2023 11:00,29052.81000000,29232.371,28894.203,29570.54,29052.81,29084.34,29316.6,UP,28821.537,DOWN,-48.146847,-32.998917,DOWN,43.911865,46.552387,DOWN,29133.182,29169.102,-87.78104
05-08-2023 15:00,29048.00000000,29203.123,28910.479,29495.768,29048.0,29070.31,29316.6,UP,28821.537,DOWN,-52.748795,-36.948895,DOWN,43.739216,46.1166,DOWN,29116.145,29153.018,-89.38415
05-08-2023 19:00,29041.49000000,29176.334,28931.387,29421.281,29041.49,29070.31,29316.6,UP,28821.537,DOWN,-56.272495,-40.813614,DOWN,43.489994,45.773926,DOWN,29101.215,29146.543,-105.69185
05-08-2023 23:00,29067.35000000,29151.578,28978.084,29325.07,29067.35,29070.31,29316.6,UP,28821.537,DOWN,-56.329044,-43.9167,DOWN,44.834663,45.356686,DOWN,29094.441,29139.564,-81.97282
06-08-2023 03:00,29072.13000000,29139.113,28981.086,29297.143,29072.13,29070.31,29427.52,UP,28821.537,DOWN,-55.350113,-46.203384,DOWN,45.094734,45.15463,DOWN,29089.979,29133.092,-63.029488
06-08-2023 07:00,29063.99000000,29134.736,28973.51,29295.963,29063.99,29047.12,29427.52,UP,28821.537,DOWN,-54.60172,-47.88305,UP,44.708195,44.435688,DOWN,29084.781,29134.258,-68.08764
06-08-2023 11:00,29092.68000000,29130.068,28969.648,29290.49,29092.68,28979.885,29427.52,UP,28821.537,DOWN,-51.104465,-48.527332,UP,46.45045,44.843426,DOWN,29086.361,29131.121,-43.51818
06-08-2023 15:00,29078.01000000,29124.863,28964.781,29284.943,29078.01,29065.436,29263.654,UP,28821.537,DOWN,-48.95232,-48.61233,UP,45.658215,44.804558,DOWN,29084.691,29120.47,-33.328518
06-08-2023 19:00,29012.93000000,29123.3,28959.533,29287.068,29012.93,29060.32,29205.67,UP,28821.537,DOWN,-51.899876,-49.26984,DOWN,42.21816,44.456165,DOWN,29070.338,29104.684,-87.22809
06-08-2023 23:00,29088.00000000,29120.4,28956.29,29284.51,29088.0,29060.32,29205.67,UP,28833.043,UP,-47.62927,-48.941727,UP,47.163376,44.817444,DOWN,29073.871,29098.469,-50.68161
07-08-2023 03:00,29088.42000000,29111.867,28960.21,29263.523,29088.42,29091.865,29120.436,UP,28871.664,UP,-43.707066,-47.894794,UP,47.19061,45.20093,DOWN,29076.781,29094.182,-1.5482793
07-08-2023 07:00,29162.67000000,29105.936,28973.148,29238.723,29162.67,29110.75,29120.436,UP,28871.664,UP,-34.21295,-45.158424,UP,51.90939,46.13642,UP,29093.959,29091.227,37.458664
07-08-2023 11:00,29094.09000000,29100.957,28974.377,29227.54,29094.09,29110.75,29120.436,UP,28871.664,UP,-31.855421,-42.497826,UP,47.672276,46.45171,UP,29093.984,29086.908,20.685825
07-08-2023 15:00,29091.44000000,29097.465,28973.916,29221.014,29091.44,29110.75,29120.436,UP,28871.664,UP,-29.856724,-39.969604,UP,47.510895,46.720173,UP,29093.477,29076.152,1.6606252
07-08-2023 19:00,28858.44000000,29079.74,28928.85,29230.633,28858.44,29009.176,29111.03,DOWN,29249.037,DOWN,-46.53744,-41.283173,DOWN,35.97844,45.750202,DOWN,29046.469,29065.94,-229.67856
07-08-2023 23:00,29154.91000000,29079.111,28929.592,29228.63,29154.91,28965.324,29067.18,DOWN,29249.037,UP,-35.42601,-40.11174,UP,51.957844,46.362133,DOWN,29068.156,29068.346,-97.29475
08-08-2023 03:00,29211.06000000,29075.95,28941.117,29210.783,29211.06,28988.904,29034.945,DOWN,29249.037,UP,-21.837553,-36.4569,UP,54.285107,47.320675,UP,29096.738,29075.201,228.29572
08-08-2023 07:00,29195.08000000,29084.102,28941.387,29226.814,29195.08,28988.904,29031.086,DOWN,29249.037,UP,-12.217223,-31.608967,UP,53.490936,48.573208,UP,29116.406,29083.57,185.39828
08-08-2023 11:00,29187.62000000,29087.783,28938.525,29237.04,29187.62,29016.135,29017.055,DOWN,29249.037,UP,-5.135801,-26.314333,UP,53.100384,49.232876,UP,29130.648,29091.783,194.93161
08-08-2023 15:00,29438.63000000,29104.988,28891.203,29318.771,29438.63,29071.494,29071.494,UP,28655.861,UP,20.49444,-16.952578,UP,62.912506,50.97975,UP,29192.244,29115.145,257.61407
08-08-2023 19:00,29535.39000000,29129.117,28846.486,29411.746,29535.39,29187.865,29187.865,UP,28817.135,UP,48.060303,-3.950002,UP,65.87624,52.531624,UP,29260.875,29142.676,292.6384
08-08-2023 23:00,29884.24000000,29170.928,28740.102,29601.756,29884.24,29325.516,29325.516,UP,28984.5,UP,96.938286,16.227655,UP,73.9567,55.452118,UP,29385.547,29190.447,313.21375
09-08-2023 03:00,29770.42000000,29207.375,28708.55,29706.2,29770.42,29472.516,29472.516,UP,29083.332,UP,125.04863,37.99185,UP,68.27589,57.75934,UP,29462.521,29232.002,260.92856
09-08-2023 07:00,29716.01000000,29239.809,28699.031,29780.584,29716.01,29472.516,29472.516,UP,29083.332,UP,141.30696,58.654873,UP,65.678696,61.05937,UP,29513.219,29268.668,157.75832
09-08-2023 11:00,29818.00000000,29277.102,28687.09,29867.113,29818.0,29682.56,29472.516,UP,29083.332,UP,160.57057,79.03801,UP,68.12625,62.855858,UP,29574.176,29312.197,136.38771
09-08-2023 15:00,29888.32000000,29318.318,28680.389,29956.246,29888.32,29695.225,29472.516,UP,29083.332,UP,179.44286,99.11898,UP,69.729126,64.57186,UP,29637.004,29363.691,130.51357
09-08-2023 19:00,29761.70000000,29351.77,28694.797,30008.74,29761.7,29707.734,29472.516,UP,29083.332,UP,182.08318,115.71182,DOWN,63.533604,65.68771,UP,29661.943,29403.32,115.355156
09-08-2023 23:00,29416.22000000,29368.68,28723.459,30013.9,29416.22,29707.734,29472.516,UP,29083.332,UP,154.5171,123.47288,DOWN,50.380424,65.38549,UP,29612.799,29422.602,35.019394
10-08-2023 03:00,29581.99000000,29397.133,28767.164,30027.102,29581.99,29799.0,29472.516,UP,29083.332,UP,144.3827,127.65485,DOWN,55.175648,64.52584,UP,29606.637,29447.268,29.935785
10-08-2023 07:00,29582.63000000,29421.863,28803.654,30040.074,29582.63,29810.336,29472.516,UP,29083.332,UP,134.84831,129.09354,DOWN,55.193653,63.338886,UP,29601.836,29476.006,41.81724
10-08-2023 11:00,29512.00000000,29443.043,28843.229,30042.857,29512.0,29810.336,29472.516,UP,29083.332,DOWN,120.207306,127.31629,DOWN,52.679035,60.9747,UP,29583.87,29500.744,23.01265
10-08-2023 15:00,29504.01000000,29460.11,28873.906,30046.312,29504.01,29768.336,29472.516,UP,29083.332,DOWN,106.72918,123.19887,DOWN,52.38826,59.20941,UP,29567.896,29538.719,12.627722
10-08-2023 19:00,29466.00000000,29478.705,28917.045,30040.367,29466.0,29768.336,29472.516,UP,29083.332,DOWN,91.92096,116.94328,DOWN,50.947536,57.572617,DOWN,29547.518,29557.02,13.7999735
10-08-2023 23:00,29444.52000000,29496.36,28963.016,30029.703,29444.52,29740.1,29472.516,UP,29083.332,DOWN,77.55805,109.06624,DOWN,50.108883,55.570686,DOWN,29526.918,29570.752,-26.905327
11-08-2023 03:00,29455.75000000,29526.225,29079.203,29973.248,29455.75,29740.1,29472.516,UP,29083.332,DOWN,66.31704,100.5164,DOWN,50.56703,53.441563,DOWN,29512.684,29586.086,-26.084272
11-08-2023 07:00,29412.00000000,29539.08,29121.703,29956.455,29412.0,29547.1,29472.516,UP,29083.332,DOWN,53.264206,91.06596,DOWN,48.69111,51.792397,DOWN,29492.547,29599.283,-50.47955
11-08-2023 11:00,29417.28000000,29549.39,29155.404,29943.377,29417.28,29529.1,29472.516,UP,29083.332,DOWN,42.851826,81.423134,DOWN,48.93731,51.632053,DOWN,29477.494,29598.027,-54.260002
11-08-2023 15:00,29445.96000000,29561.934,29199.129,29924.74,29445.96,29529.1,29472.516,UP,29083.332,DOWN,36.493496,72.43721,DOWN,50.331463,51.093807,DOWN,29471.188,29592.768,-67.34888
11-08-2023 19:00,29395.89000000,29572.348,29242.672,29902.023,29395.89,29529.1,29472.516,UP,29083.332,DOWN,27.101833,63.370132,DOWN,47.873985,50.280514,DOWN,29456.127,29564.041,-65.24829
11-08-2023 23:00,29396.76000000,29570.254,29236.7,29903.81,29396.76,29495.225,29472.516,UP,29083.332,DOWN,19.504242,54.596954,DOWN,47.921566,49.751904,DOWN,29444.254,29542.06,-101.513824
12-08-2023 03:00,29426.03000000,29564.787,29225.586,29903.986,29426.03,29495.225,29472.516,UP,29083.332,DOWN,15.6643715,46.810436,UP,49.588795,49.440853,DOWN,29440.61,29525.004,-68.88347
12-08-2023 07:00,29402.07000000,29540.678,29228.24,29853.115,29402.07,29408.484,29682.56,UP,29083.332,DOWN,10.566074,39.561565,DOWN,48.22772,49.138653,DOWN,29432.902,29500.537,-68.61979
12-08-2023 11:00,29421.49000000,29523.232,29225.432,29821.031,29421.49,29408.484,29695.225,UP,29083.332,DOWN,8.000445,33.24934,UP,49.439045,49.064224,DOWN,29430.62,29473.076,-69.23692
12-08-2023 15:00,29429.85000000,29508.924,29222.26,29795.588,29429.85,29408.484,29707.734,UP,29104.824,DOWN,6.566059,27.912685,UP,49.98159,48.999176,DOWN,29430.465,29453.557,-60.411655
12-08-2023 19:00,29438.81000000,29489.965,29239.732,29740.197,29438.81,29408.484,29707.734,UP,29130.283,DOWN,6.0821824,23.546585,UP,50.593506,49.210552,DOWN,29432.135,29454.885,-44.882313
12-08-2023 23:00,29416.16000000,29466.355,29293.906,29638.805,29416.16,29408.484,29748.225,UP,29166.338,DOWN,3.826927,19.602654,DOWN,48.96281,49.213387,DOWN,29428.94,29445.13,-37.732735
13-08-2023 03:00,29430.17000000,29449.78,29342.746,29556.812,29430.17,29408.484,29748.225,UP,29166.338,DOWN,3.1339839,16.30892,UP,50.03555,49.180508,DOWN,29429.186,29436.162,-47.401623
13-08-2023 07:00,29418.56000000,29449.896,29343.006,29556.787,29418.56,29366.9,29748.225,UP,29184.652,DOWN,1.6292111,13.372977,DOWN,49.114265,49.318317,DOWN,29427.06,29430.666,-39.197437
13-08-2023 11:00,29396.36000000,29440.615,29350.258,29530.973,29396.36,29422.176,29706.225,UP,29194.318,DOWN,-1.3392488,10.430532,DOWN,47.32009,49.251488,DOWN,29420.92,29424.332,-82.97158
13-08-2023 15:00,29383.38000000,29430.652,29364.402,29496.902,29383.38,29422.176,29706.225,UP,29240.805,DOWN,-4.6851444,7.407397,DOWN,46.25611,48.881187,DOWN,29413.412,29419.473,-91.39572
13-08-2023 19:00,29374.20000000,29423.762,29364.492,29483.033,29374.2,29421.676,29706.225,UP,29240.805,DOWN,-7.985489,4.3288198,DOWN,45.477295,48.575584,DOWN,29405.57,29415.336,-128.48846
13-08-2023 23:00,29442.91000000,29420.707,29373.156,29468.258,29442.91,29404.78,29706.225,UP,29240.805,DOWN,-4.999086,2.4632385,UP,51.992615,48.859314,DOWN,29413.037,29414.582,-20.165993
14-08-2023 03:00,29303.84000000,29412.6,29346.877,29478.322,29303.84,29376.836,29513.225,UP,29240.805,DOWN,-13.696245,-0.7686582,DOWN,41.248615,47.888985,DOWN,29391.2,29408.219,-239.6551
14-08-2023 07:00,29399.91000000,29410.37,29346.12,29474.62,29399.91,29291.9,29420.225,UP,29240.805,DOWN,-12.690473,-3.153021,UP,49.07708,47.720493,DOWN,29392.941,29407.197,-239.42218
14-08-2023 11:00,29422.01000000,29408.682,29347.594,29469.771,29422.01,29288.55,29420.225,UP,29240.805,DOWN,-9.994891,-4.521395,UP,50.704338,47.913994,DOWN,29398.754,29405.79,59.019886
14-08-2023 15:00,29409.99000000,29408.582,29347.508,29469.654,29409.99,29299.105,29420.225,UP,29240.805,DOWN,-8.727926,-5.3627014,UP,49.772736,47.884792,DOWN,29401.002,29406.617,61.65141
14-08-2023 19:00,29599.99000000,29417.717,29314.236,29521.2,29599.99,29387.225,29420.225,UP,29240.805,UP,7.5208693,-2.7859871,UP,61.739372,49.287582,UP,29440.799,29418.572,282.0902
14-08-2023 23:00,29360.54000000,29413.445,29307.95,29518.943,29360.54,29398.885,29420.225,UP,29240.805,UP,1.0642741,-2.015935,DOWN,46.6537,49.21354,UP,29424.748,29414.72,56.85297
15-08-2023 03:00,29430.93000000,29415.197,29309.762,29520.635,29430.93,29398.885,29398.885,UP,29240.805,UP,1.6087164,-1.2910047,UP,50.483967,49.683304,UP,29425.984,29416.418,6.1261063
15-08-2023 07:00,29402.01000000,29415.46,29310.182,29520.738,29402.01,29398.885,29398.885,UP,29240.805,UP,-0.29006767,-1.0908172,DOWN,48.92955,50.066887,UP,29421.19,29415.271,-9.825455
15-08-2023 11:00,29408.84000000,29414.602,29309.402,29519.8,29408.84,29398.885,29398.885,UP,29240.805,DOWN,-1.2295702,-1.1185678,DOWN,49.326378,49.770638,UP,29418.719,29414.035,-34.31934
15-08-2023 15:00,29366.00000000,29412.797,29305.584,29520.012,29366.0,29398.885,29398.885,UP,29240.805,DOWN,-5.369071,-1.9686685,DOWN,46.86652,50.394848,DOWN,29408.176,29409.754,-41.827454
15-08-2023 19:00,29332.66000000,29408.355,29295.727,29520.984,29332.66,29476.16,29398.885,UP,29240.805,DOWN,-11.210685,-3.817072,DOWN,44.986286,49.940315,DOWN,29393.072,29404.842,-62.74966
15-08-2023 23:00,29181.73000000,29395.95,29246.79,29545.111,29181.73,29377.46,29377.46,DOWN,29772.21,DOWN,-27.699692,-8.5935955,DOWN,37.626892,48.487267,DOWN,29350.805,29390.227,-326.56335
16-08-2023 03:00,29200.00000000,29384.01,29213.742,29554.275,29200.0,29377.46,29377.46,DOWN,29756.312,DOWN,-38.845325,-14.643942,DOWN,38.929287,47.28244,DOWN,29320.643,29377.371,-251.62807
16-08-2023 07:00,29228.51000000,29374.627,29192.232,29557.021,29228.51,29377.46,29377.46,DOWN,29756.312,DOWN,-44.860676,-20.687288,DOWN,40.999634,44.978024,DOWN,29302.217,29367.496,-166.26736
16-08-2023 11:00,29197.67000000,29363.002,29167.111,29558.893,29197.67,29279.43,29377.46,DOWN,29664.512,DOWN,-51.5225,-26.85433,DOWN,39.441982,44.176723,DOWN,29281.307,29356.572,-166.65602
16-08-2023 15:00,29164.67000000,29350.307,29138.227,29562.389,29164.67,29279.43,29377.46,DOWN,29552.912,DOWN,-58.7872,-33.240906,DOWN,37.78764,42.766018,DOWN,29257.98,29344.248,-150.8241
16-08-2023 19:00,29106.55000000,29335.816,29100.025,29571.61,29106.55,29273.176,29371.205,DOWN,29533.217,DOWN,-68.445335,-40.28179,DOWN,35.00301,41.218624,DOWN,29227.693,29324.46,-148.79971
16-08-2023 23:00,29111.70000000,29322.232,29068.357,29576.11,29111.7,29227.63,29325.66,DOWN,29533.217,DOWN,-74.82142,-47.189716,DOWN,35.456882,39.67757,DOWN,29204.494,29313.16,-136.16472
17-08-2023 03:00,28730.51000000,29290.049,28929.775,29650.322,28730.51,29111.17,29209.2,DOWN,29494.53,DOWN,-109.372574,-59.626286,DOWN,22.7781,37.00108,DOWN,29109.697,29273.783,-217.2254
17-08-2023 07:00,28657.31000000,29250.768,28804.648,29696.889,28657.31,28855.615,29018.66,DOWN,29228.348,DOWN,-141.03548,-75.90813,DOWN,21.20967,34.359234,DOWN,29019.22,29228.8,-265.59576
17-08-2023 11:00,28621.99000000,29216.676,28694.293,29739.059,28621.99,28800.926,29018.66,DOWN,29228.348,DOWN,-167.0529,-94.13708,DOWN,20.477,32.45369,DOWN,28939.773,29182.447,-199.75975
17-08-2023 15:00,28545.11000000,29173.936,28583.121,29764.75,28545.11,28800.926,29018.66,DOWN,29153.79,DOWN,-191.66606,-113.642876,DOWN,18.94308,30.233,DOWN,28860.842,29120.396,-186.5648
17-08-2023 19:00,27934.02000000,29099.537,28310.809,29888.264,27934.02,28561.77,28791.66,DOWN,28998.453,DOWN,-257.51358,-142.41702,DOWN,11.542016,26.95993,DOWN,28675.477,29036.482,-233.09348
17-08-2023 23:00,27894.01000000,29023.738,28090.736,29956.738,27894.01,28467.5,28697.66,DOWN,28757.035,DOWN,-309.36057,-175.80573,DOWN,11.23258,23.825554,DOWN,28519.184,28946.076,-214.36449
18-08-2023 03:00,26623.41000000,28874.908,27508.236,30241.58,26623.41,27200.5,27430.66,DOWN,28194.168,DOWN,-447.81433,-230.20744,DOWN,5.859812,20.278017,DOWN,28140.03,28782.629,-309.68726
18-08-2023 07:00,26398.00000000,28726.781,27006.354,30447.209,26398.0,27200.5,27430.66,DOWN,28194.168,DOWN,-569.16766,-297.99948,DOWN,5.369159,16.985367,DOWN,27791.623,28605.521,-234.99156
18-08-2023 11:00,26429.99000000,28576.734,26620.795,30532.674,26429.99,27152.994,27430.66,DOWN,28194.168,DOWN,-655.2069,-369.44098,DOWN,6.5648704,13.775144,DOWN,27519.297,28432.814,-194.91632
18-08-2023 15:00,26494.00000000,28431.334,26316.512,30546.158,26494.0,26974.74,27430.66,DOWN,28194.168,DOWN,-710.0436,-437.5615,DOWN,9.041467,12.248851,DOWN,27314.236,28265.834,-149.90538
18-08-2023 19:00,26002.00000000,28260.992,25948.928,30573.057,26002.0,26936.154,27430.66,DOWN,28101.984,DOWN,-784.163,-506.8818,DOWN,7.414653,10.716071,DOWN,27051.79,28078.791,-144.84915
18-08-2023 23:00,26065.01000000,28095.943,25655.26,30536.625,26065.01,26900.65,27430.66,DOWN,27928.03,DOWN,-828.271,-571.15967,UP,9.656595,9.5138035,DOWN,26854.434,27894.38,-130.70204
19-08-2023 03:00,26054.00000000,27932.01,25406.648,30457.371,26054.0,26869.775,27430.66,DOWN,27928.03,DOWN,-854.2679,-627.7813,UP,9.612793,8.477105,DOWN,26694.348,27707.645,-107.29019
19-08-2023 07:00,25967.51000000,27771.299,25176.375,30366.223,25967.51,26627.89,27332.63,DOWN,27928.03,DOWN,-871.80005,-676.585,UP,9.257546,8.223275,DOWN,26548.98,27517.635,-97.90157
19-08-2023 11:00,25917.99000000,27607.197,24979.533,30234.863,25917.99,26543.115,27332.63,DOWN,27787.516,DOWN,-879.55133,-717.1783,UP,9.051299,7.9809103,DOWN,26422.781,27326.654,-91.61219
19-08-2023 15:00,25900.08000000,27440.777,24823.342,30058.21,25900.08,26225.8,27332.63,DOWN,27741.453,DOWN,-877.0296,-749.14856,UP,8.973432,8.326868,DOWN,26318.242,27138.037,-81.51046
19-08-2023 19:00,26216.01000000,27291.693,24753.045,29830.342,26216.01,26114.5,27332.63,DOWN,27128.924,DOWN,-839.8569,-767.2902,UP,21.759909,10.148063,DOWN,26297.795,26967.703,-65.709885
19-08-2023 23:00,26125.62000000,27139.74,24706.078,29573.404,26125.62,26114.324,27332.63,DOWN,27128.924,DOWN,-808.3725,-775.50665,UP,20.85719,11.736098,DOWN,26263.36,26814.475,-58.396782
20-08-2023 03:00,26100.01000000,26989.414,24692.707,29286.121,26100.01,26059.5,27267.615,DOWN,26998.404,DOWN,-776.536,-775.7125,UP,20.596476,13.019988,DOWN,26230.69,26664.045,-56.89093
20-08-2023 07:00,26105.24000000,26839.092,24731.959,28946.223,26105.24,25966.164,27212.926,DOWN,26998.404,UP,-742.3263,-769.0353,UP,20.814161,14.508822,DOWN,26205.6,26516.0,-51.956367
20-08-2023 11:00,26088.44000000,26706.988,24766.008,28647.967,26088.44,26041.045,27212.926,DOWN,26851.049,UP,-708.40436,-756.9091,UP,20.618618,15.726825,DOWN,26182.168,26371.49,-50.74562
20-08-2023 15:00,26176.70000000,26582.957,24850.514,28315.4,26176.7,26041.045,27200.77,DOWN,26709.736,UP,-666.71375,-738.87,UP,24.624987,17.394846,DOWN,26181.074,26268.12,-44.543934
20-08-2023 19:00,26106.83000000,26457.2,24990.262,27924.137,26106.83,26041.045,27200.5,DOWN,26677.775,UP,-632.02594,-717.5012,UP,23.60915,18.98947,UP,26166.225,26162.99,-46.953552
20-08-2023 23:00,26137.25000000,26336.807,25222.12,27451.494,26137.25,26076.53,27200.5,DOWN,26644.693,UP,-595.2196,-693.04486,UP,25.058664,20.768064,UP,26160.43,26134.393,-42.688717
21-08-2023 03:00,26189.99000000,26249.605,25409.246,27089.963,26189.99,26085.53,27200.5,DOWN,26644.693,UP,-555.39246,-665.5144,UP,27.622843,22.840221,UP,26166.342,26122.156,-11.721277
21-08-2023 07:00,26090.66000000,26159.438,25788.059,26530.814,26090.66,26135.025,27152.994,DOWN,26644.693,UP,-525.7833,-637.5682,UP,25.830256,23.292482,UP,26151.205,26102.197,-23.0742
21-08-2023 11:00,26023.34000000,26129.434,25821.26,26437.607,26023.34,26135.025,26974.74,DOWN,26596.438,UP,-501.96375,-610.4473,UP,24.662125,23.715254,UP,26125.633,26074.51,-43.63984
21-08-2023 15:00,26031.60000000,26111.113,25826.303,26395.924,26031.6,26089.6,26936.154,DOWN,26472.402,UP,-476.92236,-583.7423,UP,25.109642,24.216717,UP,26106.826,26076.252,-89.434074
21-08-2023 19:00,25939.59000000,26086.594,25833.098,26340.09,25939.59,26055.5,26900.65,DOWN,26472.402,UP,-459.20786,-558.83545,DOWN,23.439392,24.508408,UP,26073.379,26068.875,-97.95307
21-08-2023 23:00,26097.74000000,26066.781,25894.97,26238.59,26097.74,26055.5,26869.775,DOWN,26472.402,UP,-427.4799,-532.56433,UP,31.832748,25.754423,UP,26078.252,26071.447,-6.8287425
22-08-2023 03:00,26126.92000000,26073.027,25902.01,26244.043,26126.92,26055.5,26627.89,DOWN,26472.402,UP,-395.4225,-505.13596,UP,33.286022,26.71676,UP,26087.984,26080.824,89.76024
22-08-2023 07:00,26055.99000000,26072.576,25901.43,26243.72,26055.99,26055.5,26543.115,DOWN,26472.402,UP,-371.45825,-478.40042,UP,31.526567,27.596474,DOWN,26081.586,26088.941,-3.8947327
22-08-2023 11:00,26106.69000000,26075.21,25903.668,26246.752,26106.69,26055.5,26225.8,DOWN,26472.402,UP,-344.4053,-451.60138,UP,34.203762,28.612595,DOWN,26086.607,26101.096,-1.1756269
22-08-2023 15:00,26049.64000000,26079.316,25914.482,26244.15,26049.64,26035.21,26114.5,DOWN,26472.402,UP,-323.8361,-426.04834,UP,32.656513,29.171892,DOWN,26079.213,26091.309,-18.67495
22-08-2023 19:00,25936.61000000,26080.248,25918.895,26241.6,25936.61,26035.21,26114.324,DOWN,26472.402,UP,-313.04684,-403.44803,UP,29.782011,29.610975,DOWN,26050.693,26080.191,-132.90619
22-08-2023 23:00,25779.99000000,26074.242,25880.775,26267.709,25779.99,25992.355,26059.5,DOWN,26472.402,UP,-313.5201,-385.46246,DOWN,26.324303,29.795662,DOWN,25996.553,26061.365,-280.70224
23-08-2023 03:00,26056.00000000,26066.242,25883.979,26248.508,26056.0,25779.21,25806.664,DOWN,26464.611,UP,-288.30017,-366.03,UP,39.626987,31.4087,DOWN,26008.441,26058.469,-247.08862
23-08-2023 07:00,26006.32000000,26060.277,25878.37,26242.188,26006.32,25779.21,25799.5,DOWN,26464.611,UP,-269.21854,-346.6677,UP,38.28698,33.058434,DOWN,26008.018,26053.639,2.403856
23-08-2023 11:00,26057.13000000,26058.133,25877.139,26239.127,26057.13,25779.21,25799.5,DOWN,26464.611,UP,-247.14731,-326.7636,UP,40.502953,34.02179,DOWN,26017.84,26046.605,14.840405
23-08-2023 15:00,25939.49000000,26049.846,25863.15,26236.543,25939.49,25743.994,25799.5,DOWN,26464.611,UP,-236.42293,-308.6955,UP,37.174633,34.453857,DOWN,26002.17,26036.762,-68.4535
23-08-2023 19:00,26144.00000000,26052.623,25862.1,26243.148,26144.0,25743.994,25799.5,DOWN,26464.611,UP,-209.01218,-288.75882,UP,45.551277,36.012157,DOWN,26030.535,26037.158,-1.0055923
23-08-2023 23:00,26632.00000000,26075.389,25761.887,26388.89,26632.0,26059.635,26059.635,UP,25669.758,UP,-146.22583,-260.25223,UP,59.446205,38.816875,UP,26150.828,26063.16,370.0645
24-08-2023 03:00,26432.72000000,26091.684,25741.598,26441.77,26432.72,26059.635,26059.635,UP,25669.758,UP,-111.26484,-230.45474,UP,53.44791,41.12703,UP,26207.207,26083.281,236.0223
24-08-2023 07:00,26442.01000000,26106.922,25725.133,26488.709,26442.01,26059.635,26059.635,UP,25669.758,UP,-81.86469,-200.73674,UP,53.68254,43.782642,UP,26254.168,26107.908,175.89514
24-08-2023 11:00,26477.38000000,26121.291,25707.764,26534.818,26477.38,26059.635,26059.635,UP,25669.758,UP,-55.07592,-171.60457,UP,54.620342,46.926647,UP,26298.81,26134.13,155.60272
24-08-2023 15:00,26444.02000000,26138.959,25702.611,26575.307,26444.02,26316.045,26059.635,UP,25669.758,UP,-36.121113,-144.50789,UP,53.519676,48.47028,UP,26327.852,26163.803,132.9774
24-08-2023 19:00,25996.34000000,26137.61,25699.676,26575.543,25996.34,26316.045,26059.635,UP,25669.758,UP,-56.571213,-126.92055,DOWN,41.448784,48.82159,UP,26261.549,26157.838,2.7082908
24-08-2023 23:00,26039.44000000,26138.002,25700.434,26575.568,26039.44,26316.045,26059.635,UP,25669.758,UP,-68.510506,-115.23854,DOWN,42.786663,49.075336,UP,26217.127,26152.691,-45.32424
25-08-2023 03:00,26180.05000000,26150.023,25721.81,26578.238,26180.05,26316.045,26059.635,UP,25669.758,UP,-65.86716,-105.364265,DOWN,47.0384,50.17131,UP,26209.713,26159.99,-14.600473
25-08-2023 07:00,26106.00000000,26150.438,25722.41,26578.465,26106.0,26341.635,26059.635,UP,25669.758,UP,-68.95265,-98.08194,DOWN,45.136066,50.125175,UP,26188.97,26159.95,-17.893255
25-08-2023 11:00,25980.50000000,26143.115,25708.768,26577.463,25980.5,26293.994,26059.635,UP,25669.758,UP,-80.59567,-94.58469,DOWN,42.033424,48.190422,DOWN,26147.275,26155.883,-46.604885
25-08-2023 15:00,26096.40000000,26145.137,25712.055,26578.219,26096.4,26220.936,26059.635,UP,25669.758,UP,-79.55365,-91.57848,DOWN,45.742714,47.33429,DOWN,26137.102,26165.281,-27.943256
25-08-2023 19:00,25932.01000000,26136.402,25693.635,26579.17,25932.01,26177.51,26059.635,UP,25669.758,UP,-90.94438,-91.45166,DOWN,41.66975,45.999535,DOWN,26096.082,26174.225,-50.176033
25-08-2023 23:00,25972.36000000,26132.54,25685.48,26579.596,25972.36,26177.51,26059.635,UP,25669.758,DOWN,-95.61354,-92.284035,DOWN,43.01107,44.709618,DOWN,26071.338,26169.305,-66.73594
26-08-2023 03:00,26060.01000000,26138.709,25699.297,26578.121,26060.01,26110.586,26059.635,UP,25669.758,UP,-91.19008,-92.06525,UP,45.92022,43.86523,DOWN,26069.072,26172.463,-38.320034
26-08-2023 07:00,26087.15000000,26154.066,25745.49,26562.643,26087.15,26045.6,26059.635,UP,25669.758,UP,-84.52019,-90.55624,UP,46.82537,44.46263,DOWN,26072.688,26174.229,-25.918922
26-08-2023 11:00,26050.81000000,26153.807,25744.975,26562.639,26050.81,26045.6,26059.635,UP,25669.758,UP,-81.23021,-88.69103,UP,45.721874,44.788765,DOWN,26068.312,26180.777,-39.775486
26-08-2023 15:00,26045.87000000,26155.785,25749.45,26562.12,26045.87,26045.6,26059.635,UP,25669.758,UP,-78.12097,-86.57702,UP,45.56468,44.62502,DOWN,26063.824,26175.004,-50.135868
26-08-2023 19:00,26054.00000000,26155.629,25749.139,26562.117,26054.0,26045.6,26059.635,UP,25669.758,UP,-74.14614,-84.09084,UP,45.89437,44.709274,DOWN,26061.86,26141.004,-47.759842
26-08-2023 23:00,26034.21000000,26160.363,25761.932,26558.797,26034.21,26045.6,26059.635,UP,25669.758,UP,-71.76567,-81.62581,UP,45.17709,45.05857,DOWN,26056.33,26117.562,-51.947277
27-08-2023 03:00,26017.37000000,26154.033,25750.766,26557.299,26017.37,26045.6,26059.635,UP,25669.758,UP,-70.426155,-79.38588,DOWN,44.53919,44.924847,DOWN,26048.537,26092.584,-57.478447
27-08-2023 07:00,26021.96000000,26123.531,25781.916,26465.146,26021.96,25979.01,26059.635,UP,25669.758,UP,-68.20795,-77.15029,DOWN,44.76811,45.269108,DOWN,26043.223,26065.795,-61.107845
27-08-2023 11:00,26043.61000000,26104.074,25792.074,26416.076,26043.61,26041.586,26298.21,UP,25779.652,UP,-63.965668,-74.51337,UP,45.90234,45.59036,UP,26043.299,26042.24,-41.28048
27-08-2023 15:00,26060.44000000,26084.996,25814.018,26355.975,26060.44,26045.94,26298.21,UP,25857.357,UP,-58.57043,-71.32478,UP,46.81666,45.689964,UP,26046.729,26046.012,-20.269129
27-08-2023 19:00,26122.15000000,26067.234,25863.15,26271.32,26122.15,26074.17,26298.21,UP,25909.693,UP,-48.753185,-66.81046,UP,50.14398,46.0587,UP,26061.812,26050.877,52.56513
27-08-2023 23:00,26125.49000000,26051.309,25937.637,26164.98,26125.49,26074.17,26298.21,UP,25909.693,UP,-40.239582,-61.496284,UP,50.325127,46.57017,UP,26074.547,26047.668,106.60723
28-08-2023 03:00,26101.77000000,26056.58,25943.818,26169.342,26101.77,26074.17,26298.21,UP,25909.693,UP,-35.003002,-56.197628,UP,48.964474,46.947926,UP,26079.992,26047.418,78.04619
28-08-2023 07:00,26012.98000000,26055.258,25941.11,26169.404,26012.98,26074.17,26250.57,UP,25909.693,UP,-37.58434,-52.47497,DOWN,44.152214,46.754353,UP,26066.59,26049.328,-33.2153
28-08-2023 11:00,25934.12000000,26042.96,25932.303,26153.617,25934.12,26027.14,26177.51,UP,25909.693,UP,-45.469265,-51.07383,DOWN,40.358376,46.21894,UP,26040.096,26039.783,-182.10529
28-08-2023 15:00,26000.99000000,26037.71,25929.58,26145.84,26000.99,26023.365,26177.51,UP,25909.693,UP,-45.794388,-50.01794,DOWN,44.69776,46.23656,DOWN,26032.275,26043.84,-152.92203
28-08-2023 19:00,26104.17000000,26043.893,25935.412,26152.375,26104.17,26059.244,26177.51,UP,25909.693,UP,-37.29636,-47.473625,UP,50.662666,46.89151,DOWN,26046.654,26051.594,130.26431
28-08-2023 23:00,25996.26000000,26038.887,25931.322,26146.451,25996.26,26059.244,26110.586,UP,25909.693,UP,-38.821533,-45.743206,DOWN,45.17475,46.81067,DOWN,26036.574,26047.844,-7.7918754
29-08-2023 03:00,26120.00000000,26048.285,25947.053,26149.52,26120.0,26059.244,26045.6,UP,25909.693,UP,-29.703064,-42.53518,UP,51.64333,47.346966,UP,26053.26,26049.777,66.89524
29-08-2023 07:00,26083.19000000,26053.828,25957.828,26149.828,26083.19,26059.244,26045.6,UP,25909.693,UP,-25.156876,-39.059517,UP,49.76241,47.30457,UP,26059.246,26051.682,116.511086
29-08-2023 11:00,26004.20000000,26051.037,25952.701,26149.373,26004.2,26059.244,26045.6,UP,25909.693,UP,-27.609556,-36.769527,DOWN,45.89917,46.812794,DOWN,26048.236,26049.23,-36.741215
29-08-2023 15:00,25975.55000000,26045.457,25943.36,26147.555,25975.55,26059.244,26045.6,UP,25909.693,UP,-31.502005,-35.716022,DOWN,44.548286,46.32211,DOWN,26033.7,26044.615,-109.36749
29-08-2023 19:00,27423.44000000,26114.088,25504.707,26723.469,27423.44,26778.25,26734.574,UP,25909.693,UP,81.30855,-12.311107,UP,78.6872,50.15933,UP,26311.648,26126.334,607.94165
29-08-2023 23:00,27831.33000000,26203.361,25239.87,27166.855,27831.33,27003.676,26960.0,UP,26557.32,UP,201.30453,30.41202,UP,82.041466,54.790783,UP,26615.584,26233.04,435.57764
30-08-2023 03:00,27716.34000000,26286.479,25122.844,27450.113,27716.34,27030.426,26987.55,UP,26557.32,UP,283.8514,81.0999,UP,78.30018,58.524384,UP,26835.734,26332.707,259.30753
30-08-2023 07:00,27391.13000000,26354.324,25102.543,27606.105,27391.13,27030.426,27003.676,UP,26557.32,UP,319.34744,128.7494,UP,68.7512,60.53422,UP,26946.814,26411.973,164.09303
30-08-2023 11:00,27436.25000000,26425.268,25099.287,27751.25,27436.25,27032.426,27003.676,UP,26557.32,UP,347.11777,172.42308,UP,69.3104,63.21596,UP,27044.701,26492.904,126.387474
30-08-2023 15:00,27338.51000000,26491.096,25121.729,27860.463,27338.51,27032.426,27003.676,UP,26557.32,UP,357.12244,209.36295,UP,66.53283,64.870346,UP,27103.463,26564.455,101.6115
30-08-2023 19:00,27201.63000000,26548.996,25162.39,27935.604,27201.63,27032.426,27003.676,UP,26557.32,UP,349.9719,237.48474,DOWN,62.740818,66.31239,UP,27123.096,26627.756,73.44608
30-08-2023 23:00,27178.28000000,26604.889,25211.46,27998.318,27178.28,27032.426,27003.676,UP,26557.32,UP,338.51865,257.69153,DOWN,62.0907,68.11145,UP,27134.133,26691.08,60.329117
31-08-2023 03:00,27299.99000000,26663.781,25257.44,28070.123,27299.99,27053.82,27003.676,UP,26557.32,UP,335.3966,273.23254,DOWN,64.17451,70.292145,UP,27167.305,26766.787,62.54718
31-08-2023 07:00,27217.27000000,26718.37,25315.09,28121.65,27217.27,27580.045,27003.676,UP,26557.32,UP,322.52963,283.09195,DOWN,61.692444,68.40384,UP,27177.297,26842.266,52.83032
31-08-2023 11:00,27261.03000000,26776.332,25383.992,28168.674,27261.03,27450.426,27003.676,UP,26557.32,UP,312.26395,288.92636,DOWN,62.51833,66.234604,UP,27194.045,26916.387,50.054848
31-08-2023 15:00,27303.96000000,26840.883,25476.666,28205.098,27303.96,27392.904,27003.676,UP,26617.018,UP,304.0871,291.9585,DOWN,63.353054,64.57381,UP,27216.027,26986.963,55.34773
31-08-2023 19:00,26922.01000000,26890.277,25590.97,28189.582,26922.01,27195.62,27003.676,UP,26617.018,DOWN,263.7464,286.31607,DOWN,52.212044,62.736126,UP,27157.225,27041.418,14.849261
31-08-2023 23:00,26162.79000000,26898.367,25619.455,28177.28,26162.79,26757.756,27003.676,DOWN,27396.73,DOWN,168.5702,262.7669,DOWN,37.9325,59.24969,DOWN,26958.338,27043.936,-66.94091
01-09-2023 03:00,25940.78000000,26890.197,25589.2,28191.195,25940.78,26621.26,26898.93,DOWN,27025.959,DOWN,74.37075,225.08768,DOWN,34.924587,55.737663,DOWN,26754.826,27035.559,-111.9108
01-09-2023 07:00,26081.01000000,26894.434,25604.607,28184.262,26081.01,26621.26,26898.93,DOWN,27025.959,DOWN,10.906668,182.25148,DOWN,38.255074,53.017025,DOWN,26620.062,27040.076,-99.48914
01-09-2023 11:00,25990.92000000,26887.98,25581.533,28194.428,25990.92,26621.26,26898.93,DOWN,27025.959,DOWN,-46.126865,136.5758,DOWN,36.94683,50.223263,DOWN,26494.234,27040.98,-100.3198
01-09-2023 15:00,26047.49000000,26886.195,25575.264,28197.127,26047.49,26621.26,26898.93,DOWN,26979.596,DOWN,-85.77289,92.10607,DOWN,38.372017,47.35632,DOWN,26404.885,26960.043,-98.2452
01-09-2023 19:00,25811.00000000,26876.535,25537.209,28215.861,25811.0,26577.02,26854.69,DOWN,26954.992,DOWN,-134.72241,46.74037,DOWN,34.827938,44.371376,DOWN,26286.107,26841.2,-115.50975
01-09-2023 23:00,25645.66000000,26860.041,25469.588,28250.494,25645.66,26460.63,26738.3,DOWN,26894.47,DOWN,-184.7274,0.4468154,DOWN,32.563454,41.043056,DOWN,26158.018,26719.395,-130.89935
02-09-2023 03:00,25805.05000000,26779.121,25341.664,28216.58,25805.05,26324.61,26738.3,DOWN,26894.47,DOWN,-209.08508,-41.459564,DOWN,36.82764,38.095787,DOWN,26087.426,26626.096,-101.33954
02-09-2023 07:00,25798.08000000,26677.459,25264.658,28090.26,25798.08,26129.31,26738.3,DOWN,26894.47,DOWN,-226.342,-78.43605,UP,36.7183,36.37426,DOWN,26029.557,26529.732,-87.45011
02-09-2023 11:00,25795.47000000,26581.416,25203.434,27959.396,25795.47,25764.305,26738.3,DOWN,26894.47,DOWN,-237.49118,-110.24708,UP,36.674393,36.23447,DOWN,25982.738,26438.967,-78.08605
02-09-2023 15:00,25813.54000000,26502.535,25138.445,27866.627,25813.54,25744.875,26738.3,DOWN,26654.846,DOWN,-242.07837,-136.61334,UP,37.234028,36.491074,DOWN,25948.898,26357.314,-70.18652
02-09-2023 19:00,25894.76000000,26425.46,25107.7,27743.225,25894.76,25744.875,26738.3,DOWN,26622.613,DOWN,-236.43451,-156.57758,UP,39.808853,36.66372,DOWN,25938.07,26281.812,-57.73648
02-09-2023 23:00,25833.39000000,26350.205,25078.506,27621.906,25833.39,25744.875,26738.3,DOWN,26588.346,DOWN,-234.21387,-172.10483,UP,38.522915,36.838837,DOWN,25917.135,26195.541,-58.00442
03-09-2023 03:00,25869.51000000,26283.6,25058.566,27508.633,25869.51,25744.875,26738.3,DOWN,26588.346,DOWN,-226.92358,-183.06859,UP,39.756386,36.992657,DOWN,25907.61,26116.262,-51.749382
03-09-2023 07:00,25863.91000000,26217.88,25052.305,27383.457,25863.91,25660.625,26608.68,DOWN,26586.256,DOWN,-219.07253,-190.26936,UP,39.623646,37.525513,DOWN,25898.87,26034.078,-47.961018
03-09-2023 11:00,25956.22000000,26150.693,25092.387,27208.998,25956.22,25776.525,26551.16,DOWN,26480.277,DOWN,-203.0611,-192.82771,UP,43.001907,38.68534,DOWN,25910.34,25954.799,-36.355766
03-09-2023 15:00,25943.38000000,26086.998,25146.328,27027.668,25943.38,25869.984,26460.63,DOWN,26321.58,UP,-189.22672,-192.10751,UP,42.644478,39.331657,UP,25916.947,25897.232,-32.33358
03-09-2023 19:00,25873.50000000,26017.621,25243.635,26791.607,25873.5,25924.105,26460.63,DOWN,26321.58,UP,-181.80586,-190.04718,UP,40.6635,39.77001,UP,25908.258,25880.217,-28.0498
03-09-2023 23:00,26011.16000000,25952.982,25451.566,26454.396,26011.16,25924.105,26460.63,DOWN,26321.58,UP,-162.9385,-184.62546,UP,45.986526,40.804695,UP,25928.838,25884.355,-4.6542935
04-09-2023 03:00,25971.21000000,25905.441,25671.691,26139.191,25971.21,25949.1,26460.63,DOWN,26321.58,UP,-149.48645,-177.59766,UP,44.73237,41.637844,UP,25937.312,25877.896,68.4386
04-09-2023 07:00,25987.56000000,25896.68,25690.682,26102.678,25987.56,25949.1,26460.63,DOWN,26321.58,UP,-135.93925,-169.26598,UP,45.3888,42.257835,UP,25947.363,25877.7,80.89186
04-09-2023 11:00,25964.96000000,25897.889,25690.59,26105.188,25964.96,25967.5,26460.63,DOWN,26321.58,UP,-125.57904,-160.52858,UP,44.600246,42.933098,UP,25950.883,25872.844,56.491955
04-09-2023 15:00,25892.49000000,25888.463,25698.945,26077.98,25892.49,25967.5,26460.63,DOWN,26321.58,UP,-121.81205,-152.78528,DOWN,42.075893,43.19082,UP,25939.203,25877.639,28.848587
04-09-2023 19:00,25814.23000000,25879.629,25693.598,26065.658,25814.23,25926.02,26460.63,DOWN,26321.58,UP,-123.71549,-146.97133,DOWN,39.477367,43.17457,UP,25914.209,25887.555,-44.564205
04-09-2023 23:00,25893.18000000,25871.912,25702.295,26041.531,25893.18,25926.02,26324.61,DOWN,26321.58,UP,-117.49893,-141.07684,UP,43.282814,43.205776,UP,25910.004,25892.738,10.280923
05-09-2023 03:00,25826.02000000,25872.664,25704.0,26041.328,25826.02,25883.105,26129.31,DOWN,26321.58,UP,-116.64687,-136.19084,DOWN,40.92546,43.014774,DOWN,25893.207,25894.38,-77.69892
05-09-2023 07:00,25692.45000000,25875.004,25718.113,26031.895,25692.45,25848.81,25764.305,DOWN,26321.58,UP,-125.30515,-134.01372,DOWN,36.65015,42.568848,DOWN,25853.055,25888.322,-178.46158
05-09-2023 11:00,25735.56000000,25871.53,25705.768,26037.29,25735.56,25848.81,25744.875,DOWN,26307.254,UP,-127.221756,-132.65532,DOWN,38.869797,41.7781,DOWN,25829.557,25883.734,-146.70955
05-09-2023 15:00,25783.68000000,25870.809,25703.66,26037.959,25783.68,25835.32,25744.875,DOWN,26298.338,UP,-123.43491,-130.81123,DOWN,41.340435,41.40122,DOWN,25820.38,25877.201,-114.15783
05-09-2023 19:00,25759.37000000,25869.004,25697.906,26040.102,25759.37,25790.37,25744.875,DOWN,26298.338,UP,-121.00061,-128.8491,DOWN,40.450974,40.85257,DOWN,25808.18,25872.846,-93.72597
05-09-2023 23:00,25683.93000000,25862.523,25674.53,26050.518,25683.93,25786.93,25744.875,DOWN,26298.338,UP,-123.73247,-127.82578,DOWN,37.7375,40.090042,DOWN,25783.328,25861.93,-110.40129
06-09-2023 03:00,25792.10000000,25857.39,25667.6,26047.182,25792.1,25764.71,25734.375,DOWN,26298.338,UP,-115.83382,-125.42739,UP,43.58148,40.25733,DOWN,25785.084,25857.705,-82.76472
06-09-2023 07:00,25782.86000000,25854.863,25662.535,26047.193,25782.86,25755.385,25848.81,DOWN,26298.338,UP,-109.06246,-122.1544,UP,43.208397,40.67189,DOWN,25784.639,25847.508,-37.151203
06-09-2023 11:00,25728.93000000,25847.836,25648.03,26047.64,25728.93,25741.31,25848.81,DOWN,26265.19,UP,-106.8165,-119.08682,UP,41.002182,40.418484,DOWN,25773.496,25834.893,-76.85417
06-09-2023 15:00,25733.29000000,25841.305,25635.576,26047.031,25733.29,25739.055,25848.81,DOWN,26230.588,UP,-103.49175,-115.96781,UP,41.263294,40.456024,DOWN,25765.455,25826.646,-73.7182
06-09-2023 19:00,25588.02000000,25822.895,25596.713,26049.074,25588.02,25727.744,25837.5,DOWN,26128.17,UP,-111.296,-115.03345,DOWN,35.60844,40.34028,DOWN,25729.969,25801.756,-135.34503
06-09-2023 23:00,25689.54000000,25810.201,25584.002,26036.402,25689.54,25706.256,25753.756,DOWN,26128.17,UP,-108.04364,-113.63548,UP,41.628727,40.646824,DOWN,25721.883,25785.186,-82.2593
07-09-2023 03:00,25759.95000000,25804.525,25579.266,26029.783,25759.95,25706.256,25753.756,DOWN,26128.17,UP,-98.64748,-110.637886,UP,45.43885,41.102203,DOWN,25729.496,25771.797,-54.36368
07-09-2023 07:00,25837.88000000,25795.861,25590.62,26001.102,25837.88,25706.256,25753.756,DOWN,26128.17,UP,-83.944984,-105.2993,UP,49.377426,42.094032,DOWN,25751.174,25764.322,0.45880347
07-09-2023 11:00,25762.89000000,25785.445,25596.348,25974.541,25762.89,25706.256,25753.756,DOWN,26128.17,UP,-77.45141,-99.72972,UP,45.94076,43.005505,DOWN,25753.516,25756.7,-2.5510345
07-09-2023 15:00,25708.60000000,25771.496,25604.193,25938.8,25708.6,25706.256,25753.756,DOWN,26128.17,UP,-75.812035,-94.94618,UP,43.576153,43.004913,DOWN,25744.533,25750.484,-61.64716
07-09-2023 19:00,25779.35000000,25762.217,25620.186,25904.246,25779.35,25706.256,25753.756,DOWN,26128.17,UP,-68.0198,-89.560905,UP,47.377384,43.468136,UP,25751.496,25743.79,-29.449883
07-09-2023 23:00,25880.01000000,25761.592,25621.764,25901.42,25880.01,25706.256,25753.756,DOWN,26128.17,UP,-53.109756,-82.270676,UP,52.30102,44.72356,UP,25777.2,25746.965,169.58087
08-09-2023 03:00,26255.00000000,25783.63,25527.223,26040.04,26255.0,25907.824,25907.824,UP,25572.97,UP,-10.90913,-67.99837,UP,65.31919,47.39644,UP,25872.76,25780.057,399.53714
08-09-2023 07:00,26252.80000000,25801.611,25475.918,26127.305,26252.8,25909.006,25909.006,UP,25572.97,UP,22.102861,-49.978123,UP,65.20676,50.685143,UP,25948.768,25810.482,343.0179
08-09-2023 11:00,26256.22000000,25823.121,25441.756,26204.486,26256.22,26030.44,25909.006,UP,25572.97,UP,47.987892,-30.38492,UP,65.30673,53.316032,UP,26010.258,25838.28,225.0677
08-09-2023 15:00,25839.51000000,25830.475,25453.828,26207.121,25839.51,26030.44,25909.006,UP,25572.97,UP,34.479496,-17.412037,DOWN,47.424732,53.536686,UP,25976.107,25842.992,39.823067
08-09-2023 19:00,25844.64000000,25835.928,25461.787,26210.07,25844.64,26030.44,25909.006,UP,25572.97,UP,23.912294,-9.14717,DOWN,47.6149,53.340847,UP,25949.814,25852.447,10.942783
08-09-2023 23:00,25895.62000000,25841.525,25467.33,26215.723,25895.62,26030.44,25909.006,UP,25572.97,UP,19.427423,-3.4322515,DOWN,49.56714,53.74378,UP,25938.977,25858.535,-4.9492803
09-09-2023 03:00,25910.50000000,25849.082,25475.725,26222.44,25910.5,26030.44,25909.006,UP,25572.97,UP,16.87925,0.6300488,DOWN,50.15108,54.474327,UP,25933.281,25866.045,22.194761
09-09-2023 07:00,25875.00000000,25858.635,25492.97,26224.299,25875.0,26046.38,25909.006,UP,25572.97,UP,11.858553,2.8757496,DOWN,48.70226,54.621536,UP,25921.625,25874.637,9.218141
09-09-2023 11:00,25886.15000000,25863.338,25498.8,26227.875,25886.15,26046.38,25909.006,UP,25572.97,UP,8.679276,4.036455,DOWN,49.19867,54.27683,UP,25914.53,25883.629,3.08192
09-09-2023 15:00,25863.03000000,25867.346,25504.678,26230.016,25863.03,26046.38,25909.006,UP,25572.97,UP,4.245151,4.078194,DOWN,48.15801,52.37003,UP,25904.23,25899.805,1.9501245
09-09-2023 19:00,25894.09000000,25875.605,25518.44,26232.77,25894.09,26016.13,25909.006,UP,25572.97,DOWN,3.200464,3.9026482,DOWN,49.697384,50.646767,DOWN,25902.201,25911.838,-1.5103902
09-09-2023 23:00,25868.43000000,25882.361,25531.158,26233.564,25868.43,25957.096,25909.006,UP,25572.97,DOWN,0.29855302,3.1818292,DOWN,48.418262,48.77027,DOWN,25895.447,25918.219,1.901885
10-09-2023 03:00,25901.61000000,25898.041,25573.838,26222.242,25901.61,25837.4,25909.006,UP,25572.97,DOWN,0.66841125,2.6791456,UP,50.203045,49.07897,DOWN,25896.68,25921.967,-1.8284496
10-09-2023 07:00,25861.39000000,25906.633,25596.172,26217.094,25861.39,25832.445,25909.006,UP,25574.512,DOWN,-2.257864,1.6917437,DOWN,48.03343,49.125477,DOWN,25889.621,25927.762,-25.586075
10-09-2023 11:00,25852.25000000,25911.248,25606.965,26215.533,25852.25,25847.72,25909.006,UP,25574.512,DOWN,-5.2539163,0.30261174,DOWN,47.53072,48.899208,DOWN,25882.148,25936.21,-53.061195
10-09-2023 15:00,25795.33000000,25909.121,25602.23,26216.012,25795.33,25847.72,25909.006,UP,25584.488,DOWN,-12.082004,-2.1743112,DOWN,44.41334,48.26168,DOWN,25864.783,25937.152,-56.85875
10-09-2023 19:00,25775.01000000,25909.727,25603.947,26215.506,25775.01,25828.846,25909.006,UP,25584.488,DOWN,-18.914927,-5.522434,DOWN,43.321003,47.66376,DOWN,25846.83,25930.975,-86.23473
10-09-2023 23:00,25800.00000000,25914.297,25618.096,26210.498,25800.0,25757.83,25909.006,UP,25584.488,DOWN,-22.059298,-8.829807,DOWN,45.10902,47.20936,DOWN,25837.463,25904.21,-106.99248
11-09-2023 03:00,25841.61000000,25917.41,25625.674,26209.146,25841.61,25802.115,25909.006,UP,25584.488,DOWN,-20.952131,-11.2542715,UP,48.047817,47.197113,DOWN,25838.293,25880.023,-23.06953
11-09-2023 07:00,25740.39000000,25910.43,25608.928,26211.93,25740.39,25802.115,26008.035,UP,25584.488,DOWN,-27.920452,-14.587508,DOWN,42.137737,46.35715,DOWN,25818.713,25849.68,-99.53344
11-09-2023 11:00,25813.65000000,25888.361,25629.36,26147.365,25813.65,25802.115,26008.035,UP,25584.488,DOWN,-27.21768,-17.113543,UP,47.19994,46.221783,DOWN,25817.7,25848.158,-65.40014
11-09-2023 15:00,25601.27000000,25855.785,25626.092,26085.479,25601.27,25802.115,26008.035,UP,25584.488,DOWN,-43.298897,-22.350613,DOWN,37.073826,44.76298,DOWN,25774.414,25833.844,-196.46376
11-09-2023 19:00,25115.97000000,25798.773,25456.496,26141.049,25115.97,25492.33,25698.25,DOWN,26034.338,DOWN,-94.118095,-36.70411,DOWN,24.263966,42.12193,DOWN,25642.725,25787.98,-428.05682
11-09-2023 23:00,25020.66000000,25757.83,25276.99,26238.67,25020.66,25492.33,25698.25,DOWN,25899.256,DOWN,-140.46422,-57.45613,DOWN,22.611547,39.353134,DOWN,25518.312,25735.637,-345.72888
12-09-2023 03:00,25162.52000000,25723.725,25179.732,26267.715,25162.52,25467.33,25673.25,DOWN,25895.537,DOWN,-163.85808,-78.73652,DOWN,30.227888,37.776974,DOWN,25447.154,25693.727,-236.22127
12-09-2023 07:00,25797.97000000,25718.842,25179.375,26258.309,25797.97,25467.33,25673.25,DOWN,25895.537,DOWN,-129.6281,-88.91483,UP,52.689255,38.81789,DOWN,25517.316,25688.54,-33.773872
12-09-2023 11:00,25822.71000000,25714.451,25179.889,26249.016,25822.71,25467.33,25673.25,DOWN,25895.537,DOWN,-99.35894,-91.003654,UP,53.319332,39.730145,DOWN,25578.396,25686.168,33.836773
12-09-2023 15:00,26098.99000000,25725.652,25169.168,26282.137,26098.99,25616.19,25643.0,UP,24805.754,UP,-52.47206,-83.29734,UP,59.763786,41.03192,DOWN,25682.514,25698.22,117.78722
12-09-2023 19:00,26205.97000000,25741.643,25150.338,26332.947,26205.97,25646.5,25646.5,UP,24956.51,UP,-6.605339,-67.95894,UP,61.954044,43.23373,UP,25787.205,25718.076,159.87192
12-09-2023 23:00,26066.33000000,25751.807,25145.701,26357.914,26066.33,25734.0,25734.0,UP,24956.51,UP,18.26603,-50.713943,UP,57.55034,44.383774,UP,25843.031,25727.766,135.54834
13-09-2023 03:00,25840.10000000,25749.107,25145.082,26353.133,25840.1,25734.0,25734.0,UP,24956.51,UP,19.497147,-36.671726,UP,51.200695,45.953426,UP,25842.445,25726.514,55.097694
13-09-2023 07:00,25879.24000000,25749.648,25145.178,26354.12,25879.24,25734.0,25734.0,UP,24956.51,UP,23.361788,-24.665024,UP,52.18365,49.055614,UP,25849.803,25728.102,38.102608
13-09-2023 11:00,25879.91000000,25748.564,25145.111,26352.016,25879.91,25734.0,25734.0,UP,24956.51,UP,26.176855,-14.496648,DOWN,52.2014,52.343376,UP,25855.824,25733.076,59.49477
13-09-2023 15:00,26198.41000000,25765.414,25132.21,26398.617,26198.41,25849.24,25734.0,UP,24956.51,UP,53.49149,-0.8990204,UP,59.834034,55.63295,UP,25924.342,25757.982,101.917244
13-09-2023 19:00,26241.31000000,25784.867,25119.121,26450.615,26241.31,26089.85,25734.0,UP,24956.51,UP,77.704475,14.821679,UP,60.743332,56.527847,UP,25987.736,25783.941,121.40911
13-09-2023 23:00,26140.01000000,25802.102,25118.557,26485.646,26140.01,26151.145,25734.0,UP,25039.264,UP,87.70833,29.39901,UP,57.436787,56.98534,UP,26018.19,25801.494,104.63018
14-09-2023 03:00,26222.00000000,25824.451,25117.096,26531.807,26222.0,26165.586,25734.0,UP,25095.436,UP,101.0871,43.736626,UP,59.36482,56.94101,UP,26058.953,25829.824,98.121895
14-09-2023 07:00,26265.68000000,25847.734,25114.932,26580.54,26265.68,26165.586,25734.0,UP,25261.303,UP,113.90149,57.7696,UP,60.394127,56.76769,UP,26100.297,25856.414,107.845055
14-09-2023 11:00,26344.45000000,25872.877,25108.803,26636.951,26344.45,26152.97,25734.0,UP,25261.303,UP,128.92688,72.00105,UP,62.251118,57.289997,UP,26149.129,25900.13,94.066475
14-09-2023 15:00,26446.15000000,25908.164,25107.512,26708.818,26446.15,26152.97,25734.0,UP,25485.941,UP,147.34248,87.06934,UP,64.56144,58.77452,UP,26208.533,25978.377,105.24117
14-09-2023 19:00,26693.97000000,25952.182,25083.27,26821.094,26693.97,26324.705,25849.75,UP,25650.29,UP,179.86066,105.6276,UP,69.46552,60.69473,UP,26305.62,26076.807,132.8754
14-09-2023 23:00,26678.14000000,26006.025,25098.176,26913.873,26678.14,26363.33,25880.744,UP,25755.898,UP,202.02538,124.90716,UP,68.810486,62.540184,UP,26380.125,26165.96,134.3518
15-09-2023 03:00,26522.73000000,26076.363,25240.088,26912.637,26522.73,26438.355,25880.744,UP,25755.898,UP,204.69124,140.86397,DOWN,62.572258,62.844433,UP,26408.645,26208.594,105.97137
15-09-2023 07:00,26615.39000000,26156.1,25442.564,26869.635,26615.39,26457.744,25880.744,UP,25755.898,UP,211.83888,155.05896,UP,64.63111,63.27641,UP,26449.994,26255.223,101.96819
15-09-2023 11:00,26565.69000000,26226.258,25655.682,26796.834,26565.69,26493.63,25880.744,UP,25799.88,UP,211.0601,166.25919,DOWN,62.640728,63.85462,UP,26473.133,26282.676,108.11925
15-09-2023 15:00,26425.16000000,26257.617,25716.46,26798.773,26425.16,26493.63,25880.744,UP,25799.88,UP,196.83434,172.37422,DOWN,57.27014,63.62188,UP,26463.54,26295.568,71.601685
15-09-2023 19:00,26321.21000000,26282.543,25779.209,26785.875,26321.21,26512.225,25880.744,UP,25799.88,UP,175.15335,172.93004,DOWN,53.60879,62.867954,UP,26435.072,26310.562,22.099749
15-09-2023 23:00,26397.38000000,26297.46,25799.111,26795.812,26397.38,26542.244,25880.744,UP,25799.88,DOWN,162.24702,170.79344,DOWN,55.836803,62.155254,UP,26427.535,26343.344,27.111355
16-09-2023 03:00,26600.00000000,26317.162,25803.906,26830.42,26600.0,26556.0,25894.5,UP,25799.88,DOWN,166.44968,169.92468,DOWN,61.178043,61.77932,UP,26462.027,26385.74,96.825836
16-09-2023 07:00,26616.43000000,26344.668,25829.174,26860.164,26616.43,26556.0,25894.5,UP,25843.236,DOWN,169.15614,169.77098,UP,61.583775,60.903572,UP,26492.908,26429.064,97.33766
16-09-2023 11:00,26494.50000000,26377.389,25913.68,26841.096,26494.5,26556.0,26009.74,UP,25843.236,DOWN,159.62228,167.74124,DOWN,56.836502,59.573128,UP,26493.227,26446.482,50.611153
16-09-2023 15:00,26524.09000000,26409.63,26002.764,26816.498,26524.09,26556.0,26250.35,UP,25843.236,DOWN,152.69412,164.73181,DOWN,57.68892,59.030537,UP,26499.398,26463.117,40.04813
16-09-2023 19:00,26507.12000000,26440.99,26113.291,26768.69,26507.12,26556.0,26311.645,UP,25888.816,DOWN,144.17226,160.6199,DOWN,56.99376,58.181942,UP,26500.943,26484.71,34.95357
16-09-2023 23:00,26532.80000000,26457.71,26147.572,26767.848,26532.8,26556.0,26326.086,UP,25933.947,DOWN,137.90112,156.07616,UP,57.822037,57.64653,UP,26507.314,26502.994,42.31468
17-09-2023 03:00,26559.67000000,26473.629,26177.174,26770.082,26559.67,26556.0,26326.086,UP,25933.947,DOWN,133.55981,151.57288,UP,58.717937,57.807396,DOWN,26517.785,26520.287,36.925186
17-09-2023 07:00,26529.25000000,26493.09,26238.672,26747.508,26529.25,26601.51,26326.086,UP,25933.947,DOWN,126.20977,146.50026,DOWN,57.2357,58.21039,DOWN,26520.078,26531.158,2.7367291
17-09-2023 11:00,26495.93000000,26506.787,26284.793,26728.781,26495.93,26630.605,26326.086,UP,26033.367,DOWN,116.354904,140.47119,DOWN,55.58068,58.181927,DOWN,26515.248,26534.086,5.249617
17-09-2023 15:00,26566.67000000,26521.836,26328.273,26715.398,26566.67,26596.58,26369.455,UP,26060.91,DOWN,112.95094,134.96713,UP,58.33522,57.86606,DOWN,26525.533,26526.598,33.3289
17-09-2023 19:00,26549.98000000,26532.113,26356.303,26707.924,26549.98,26519.705,26377.086,UP,26197.38,DOWN,107.66544,129.5068,UP,57.430332,57.404564,UP,26530.422,26519.059,22.474018
17-09-2023 23:00,26505.15000000,26535.062,26363.186,26706.941,26505.15,26519.705,26452.11,UP,26197.38,DOWN,98.72124,123.349686,DOWN,54.96407,57.196518,UP,26525.367,26518.025,-43.505127
18-09-2023 03:00,26527.51000000,26526.74,26371.094,26682.387,26527.51,26511.125,26471.5,UP,26197.38,DOWN,92.37235,117.15422,DOWN,55.979477,57.00658,UP,26525.797,26512.855,-60.832737
18-09-2023 07:00,26658.66000000,26525.766,26373.719,26677.812,26658.66,26563.676,26507.385,UP,26197.38,DOWN,96.80758,113.08489,UP,61.467224,57.50363,UP,26552.37,26518.324,85.06004
18-09-2023 11:00,26710.67000000,26535.162,26363.113,26707.213,26710.67,26588.676,26507.385,UP,26247.477,DOWN,103.3282,111.13355,UP,63.415024,58.125072,UP,26584.03,26535.12,185.11705
18-09-2023 15:00,27196.98000000,26564.242,26228.785,26899.7,27196.98,26808.676,26701.98,UP,26396.973,UP,146.05338,118.117516,UP,75.75562,60.01815,UP,26706.62,26586.635,387.11765
18-09-2023 19:00,27269.42000000,26599.43,26144.42,27054.44,27269.42,26893.176,26816.5,UP,26642.658,UP,183.64178,131.22237,UP,77.00017,62.214203,UP,26819.18,26637.932,345.66574
18-09-2023 23:00,26814.79000000,26618.91,26162.055,27075.768,26814.79,26893.176,26816.5,UP,26642.658,UP,174.73183,139.92427,DOWN,57.166492,62.390404,UP,26818.3,26650.566,134.52414
19-09-2023 03:00,26762.51000000,26640.975,26201.465,27080.486,26762.51,26893.176,26816.5,UP,26642.658,UP,161.58936,144.25728,DOWN,55.399323,62.064194,UP,26807.143,26659.158,66.07673
19-09-2023 07:00,26818.42000000,26662.027,26230.951,27093.104,26818.42,26893.176,26816.5,UP,26642.658,UP,153.91113,146.18805,DOWN,56.93261,62.00889,UP,26809.398,26678.213,50.97194
19-09-2023 11:00,26847.21000000,26674.389,26237.004,27111.771,26847.21,26893.176,26816.5,UP,26642.658,UP,148.43811,146.63806,DOWN,57.738297,62.31714,UP,26816.96,26697.22,63.68836
19-09-2023 15:00,27237.56000000,26705.445,26205.238,27205.652,27237.56,26921.676,26845.0,UP,26642.658,UP,173.59753,152.02995,UP,66.805626,63.520042,UP,26901.08,26740.188,167.98407
19-09-2023 19:00,27422.24000000,26751.832,26172.643,27331.02,27422.24,27023.545,26852.0,UP,26642.658,UP,206.06334,162.83664,UP,70.07671,64.476654,UP,27005.312,26792.508,159.57553
19-09-2023 23:00,27185.44000000,26784.898,26186.305,27383.494,27185.44,27057.285,26853.785,UP,26642.658,UP,210.26118,172.32155,DOWN,61.683247,64.28423,UP,27041.338,26829.316,132.8916
20-09-2023 03:00,27210.26000000,26820.057,26208.398,27431.715,27210.26,27057.285,26899.295,UP,26642.658,UP,213.13388,180.48401,DOWN,62.194374,62.777428,UP,27075.123,26869.377,91.460304
20-09-2023 07:00,27119.48000000,26849.39,26239.38,27459.4,27119.48,27057.285,26928.39,UP,26642.658,UP,205.714,185.53001,DOWN,59.089638,60.78737,UP,27083.994,26906.057,93.657135
20-09-2023 11:00,27105.62000000,26876.688,26272.143,27481.232,27105.62,27075.68,26930.46,UP,26642.658,UP,196.45074,187.71416,DOWN,58.608585,60.9476,UP,27088.318,26937.76,53.704273
20-09-2023 15:00,27098.08000000,26905.129,26315.299,27494.959,27098.08,27075.68,26930.46,UP,26642.658,DOWN,186.35297,187.44191,DOWN,58.33038,61.273273,UP,27090.271,26970.0,51.273106
20-09-2023 19:00,27180.63000000,26939.363,26369.361,27509.365,27180.63,27117.225,26930.46,UP,26642.658,DOWN,182.9031,186.53415,DOWN,60.538925,61.673977,UP,27108.344,27009.734,60.126965
20-09-2023 23:00,26930.61000000,26957.56,26413.674,27501.447,26930.61,27141.785,26930.46,UP,26642.658,DOWN,158.17123,180.86157,DOWN,51.615887,60.99371,UP,27072.797,27033.445,20.488478
21-09-2023 03:00,27125.00000000,26986.312,26471.639,27500.986,27125.0,27141.785,26930.46,UP,26642.658,DOWN,152.4988,175.18901,DOWN,56.931156,59.896545,UP,27083.236,27060.877,40.440895
21-09-2023 07:00,27035.00000000,27012.805,26547.775,27477.834,27035.0,27141.785,26930.46,UP,26642.658,DOWN,139.1372,167.97865,DOWN,53.974735,58.107437,DOWN,27073.59,27079.955,18.086258
21-09-2023 11:00,26990.11000000,27035.934,26627.139,27444.73,26990.11,27094.314,26930.46,UP,26642.658,DOWN,123.50215,159.08336,DOWN,52.51003,57.08819,DOWN,27056.895,27067.787,1.9308162
21-09-2023 15:00,26730.78000000,27039.541,26643.033,27436.047,26730.78,27003.766,26930.46,UP,26642.658,DOWN,89.15774,145.09824,DOWN,44.925323,55.169407,DOWN,26991.672,27036.102,-113.67619
21-09-2023 19:00,26584.02000000,27033.207,26612.582,27453.834,26584.02,26838.85,26930.46,DOWN,27470.596,DOWN,49.526325,125.98385,DOWN,41.290478,53.191723,DOWN,26910.14,27022.527,-200.17566
21-09-2023 23:00,26599.95000000,27003.357,26549.992,27456.723,26599.95,26838.85,26930.46,DOWN,27468.611,DOWN,19.182444,104.623566,DOWN,41.840534,51.328606,DOWN,26848.104,27012.965,-149.99104
22-09-2023 03:00,26568.08000000,26968.29,26494.627,27441.953,26568.08,26838.85,26930.46,DOWN,27377.309,DOWN,-7.3521934,82.22842,DOWN,41.012653,49.40441,DOWN,26792.098,26998.24,-143.21248
22-09-2023 07:00,26627.77000000,26958.94,26466.512,27451.365,26627.77,26838.85,26930.46,DOWN,27373.113,DOWN,-23.296059,61.12352,DOWN,43.276455,47.48636,DOWN,26759.232,26985.332,-115.8884
22-09-2023 11:00,26674.80000000,26954.553,26453.715,27455.39,26674.8,26809.506,26930.46,DOWN,27373.113,DOWN,-31.770527,42.544712,DOWN,45.065346,46.758522,DOWN,26742.346,26952.229,-90.03331
22-09-2023 15:00,26640.26000000,26945.645,26429.34,27461.95,26640.26,26768.65,26930.635,DOWN,27333.848,DOWN,-40.803337,25.875101,DOWN,43.968628,45.31824,DOWN,26721.93,26906.229,-83.50151
22-09-2023 19:00,26631.01000000,26934.836,26401.953,27467.717,26631.01,26740.436,26930.635,DOWN,27241.227,DOWN,-48.153225,11.069437,DOWN,43.662174,44.1724,DOWN,26703.744,26873.615,-84.85027
22-09-2023 23:00,26540.10000000,26899.963,26359.652,27440.271,26540.1,26697.35,26930.635,DOWN,27169.086,DOWN,-60.615005,-3.2674518,DOWN,40.662537,42.856014,DOWN,26671.016,26834.193,-89.15413
23-09-2023 03:00,26580.14000000,26857.857,26357.113,27358.602,26580.14,26577.34,26930.635,DOWN,27120.084,DOWN,-66.49367,-15.912695,DOWN,42.535088,42.59043,DOWN,26652.842,26802.469,-84.42272
23-09-2023 07:00,26532.20000000,26825.195,26328.982,27321.406,26532.2,26606.074,26930.635,DOWN,27054.576,DOWN,-74.16597,-27.563349,DOWN,40.871986,42.543934,DOWN,26628.713,26768.738,-76.76803
23-09-2023 11:00,26585.31000000,26793.947,26320.477,27267.418,26585.31,26606.074,26930.635,DOWN,26936.207,DOWN,-75.09514,-37.069706,UP,43.507267,42.729126,DOWN,26620.031,26738.574,-70.06472
23-09-2023 15:00,26575.21000000,26766.734,26308.928,27224.541,26575.21,26606.074,26930.635,DOWN,26929.82,DOWN,-75.77303,-44.81037,UP,43.113735,42.96258,DOWN,26611.068,26702.96,-60.952118
23-09-2023 19:00,26581.55000000,26740.531,26303.803,27177.258,26581.55,26615.69,26930.635,DOWN,26898.137,DOWN,-74.93488,-50.835274,UP,43.45946,42.982914,DOWN,26605.164,26682.43,-57.432026
23-09-2023 23:00,26610.09000000,26716.13,26308.475,27123.787,26610.09,26615.69,26930.635,DOWN,26888.592,DOWN,-71.14755,-54.897728,UP,45.077618,42.984276,DOWN,26606.148,26652.14,-43.974636
24-09-2023 03:00,26575.96000000,26685.898,26334.748,27037.047,26575.96,26593.145,26930.635,DOWN,26854.516,DOWN,-70.0921,-57.936604,UP,43.475224,42.929455,DOWN,26600.111,26625.137,-48.124557
24-09-2023 07:00,26570.93000000,26667.914,26332.238,27003.59,26570.93,26566.49,26883.164,DOWN,26806.94,DOWN,-68.86766,-60.122814,UP,43.231316,42.88158,DOWN,26594.275,26600.48,-50.126514
24-09-2023 11:00,26563.44000000,26639.836,26375.408,26904.264,26563.44,26560.404,26883.164,DOWN,26758.824,DOWN,-67.721016,-61.642456,DOWN,42.845848,43.124172,DOWN,26588.107,26590.637,-56.185776
24-09-2023 15:00,26596.71000000,26617.922,26425.197,26810.645,26596.71,26570.904,26838.85,DOWN,26758.824,DOWN,-63.396885,-61.99334,UP,45.1839,43.418484,DOWN,26589.828,26591.383,-29.888268
24-09-2023 19:00,26578.06000000,26597.318,26507.557,26687.08,26578.06,26570.904,26838.85,DOWN,26758.824,UP,-60.774307,-61.749535,UP,44.094955,43.776592,DOWN,26587.475,26590.096,-15.004093
24-09-2023 23:00,26449.17000000,26583.238,26493.285,26673.19,26449.17,26537.176,26817.904,DOWN,26758.824,DOWN,-68.30882,-63.061394,DOWN,37.388596,43.096737,DOWN,26559.814,26583.102,-203.52402
25-09-2023 03:00,26248.38000000,26566.455,26395.02,26737.893,26248.38,26430.31,26711.04,DOWN,26676.28,DOWN,-89.45092,-68.339294,DOWN,29.78801,41.616104,DOWN,26497.527,26560.783,-469.48508
25-09-2023 07:00,26157.45000000,26544.33,26298.027,26790.635,26157.45,26369.27,26620.654,DOWN,26616.799,DOWN,-112.24953,-77.121346,DOWN,27.101149,39.79851,DOWN,26429.512,26530.352,-378.41647
25-09-2023 11:00,26189.21000000,26525.387,26234.975,26815.8,26189.21,26369.27,26579.8,DOWN,26596.934,DOWN,-126.298935,-86.95686,DOWN,29.493319,38.066925,DOWN,26381.451,26503.818,-258.55368
25-09-2023 15:00,26075.41000000,26497.77,26151.81,26843.729,26075.41,26369.27,26551.586,DOWN,26596.934,DOWN,-144.94505,-98.554504,DOWN,26.17848,36.145065,DOWN,26320.242,26471.137,-202.31046
25-09-2023 19:00,26243.72000000,26476.215,26123.412,26829.018,26243.72,26364.5,26503.73,DOWN,26596.934,DOWN,-144.47562,-107.73872,UP,37.387157,35.495712,DOWN,26304.938,26453.703,-133.61694
25-09-2023 23:00,26331.83000000,26460.795,26111.072,26810.518,26331.83,26364.5,26383.72,DOWN,26596.934,DOWN,-135.43265,-113.27751,UP,42.32418,35.43775,DOWN,26310.316,26439.096,-58.24815
26-09-2023 03:00,26304.81000000,26444.484,26097.621,26791.346,26304.81,26364.5,26366.92,DOWN,26596.934,DOWN,-128.95975,-116.413956,UP,41.25002,35.000652,DOWN,26309.215,26425.72,-46.344353
26-09-2023 07:00,26353.87000000,26435.172,26089.08,26781.266,26353.87,26364.5,26366.92,DOWN,26596.934,DOWN,-118.50516,-116.8322,UP,44.0277,34.99318,DOWN,26318.146,26412.105,-44.676105
26-09-2023 11:00,26272.01000000,26419.766,26073.426,26766.107,26272.01,26256.064,26366.92,DOWN,26596.934,UP,-115.49388,-116.56454,UP,40.5801,35.34779,DOWN,26308.92,26394.271,-51.914356
26-09-2023 15:00,26273.83000000,26406.848,26058.975,26754.72,26273.83,26218.305,26366.92,DOWN,26596.934,UP,-111.67327,-115.58628,UP,40.6913,36.55927,DOWN,26301.9,26376.17,-58.210262
26-09-2023 19:00,26126.66000000,26383.914,26025.805,26742.025,26126.66,26218.305,26366.92,DOWN,26596.934,DOWN,-119.14734,-116.29849,DOWN,34.989277,37.435726,DOWN,26266.854,26347.732,-86.65271
26-09-2023 23:00,26247.70000000,26367.54,26016.023,26719.055,26247.7,26218.305,26364.5,DOWN,26596.934,UP,-113.98968,-115.83673,UP,42.167156,38.84393,DOWN,26263.021,26328.424,-62.717182
27-09-2023 03:00,26221.67000000,26349.545,26006.963,26692.129,26221.67,26218.305,26364.5,DOWN,26596.934,UP,-110.72621,-114.81463,UP,41.1158,40.50363,DOWN,26254.752,26307.879,-64.6465
27-09-2023 07:00,26278.04000000,26332.943,26010.908,26654.979,26278.04,26267.244,26364.5,DOWN,26596.934,UP,-102.41078,-112.333855,UP,44.351635,41.277462,DOWN,26259.41,26291.09,-37.53188
27-09-2023 11:00,26246.34000000,26316.463,26012.639,26620.285,26246.34,26267.244,26364.5,DOWN,26596.934,UP,-97.25754,-109.318596,UP,42.923153,41.344017,DOWN,26256.795,26270.48,-33.44053
27-09-2023 15:00,26766.70000000,26326.25,25980.537,26671.963,26766.7,26468.205,26419.266,UP,25948.504,UP,-50.601547,-97.57519,UP,63.630737,43.83076,UP,26358.777,26281.576,150.96368
27-09-2023 19:00,26304.42000000,26313.299,25985.139,26641.46,26304.42,26469.17,26420.23,UP,25948.504,UP,-50.348095,-88.12977,UP,47.23533,44.187164,UP,26347.904,26273.062,69.206825
27-09-2023 23:00,26267.80000000,26296.854,25995.262,26598.447,26267.8,26469.17,26420.23,UP,25948.504,UP,-52.497005,-81.00321,UP,46.219364,44.81375,UP,26331.885,26274.205,-41.18448
28-09-2023 03:00,26372.99000000,26286.6,26011.135,26562.066,26372.99,26469.17,26420.23,UP,25948.504,UP,-45.191143,-73.8408,UP,49.574436,45.800766,UP,26340.105,26286.883,32.0518
28-09-2023 07:00,26379.15000000,26283.1,26014.287,26551.912,26379.15,26475.0,26420.23,UP,25948.504,UP,-38.46078,-66.76479,UP,49.77205,47.443295,UP,26347.914,26298.057,111.3943
28-09-2023 11:00,26459.99000000,26293.68,26014.701,26572.658,26459.99,26475.0,26420.23,UP,25948.504,UP,-26.30063,-58.671963,UP,52.407932,48.58116,UP,26370.33,26320.678,106.86266
28-09-2023 15:00,26476.93000000,26309.654,26027.143,26592.166,26476.93,26481.03,26420.23,UP,25948.504,UP,-15.122387,-49.962048,UP,52.96496,49.89773,UP,26391.65,26334.396,127.839615
28-09-2023 19:00,27020.00000000,26351.193,25937.76,26764.627,27020.0,26588.03,26527.23,UP,25948.504,UP,37.129654,-32.54371,UP,66.50115,52.35879,UP,26517.32,26374.877,275.46124
28-09-2023 23:00,27100.00000000,26402.424,25895.115,26909.73,27100.0,26710.27,26649.47,UP,26057.992,UP,84.0265,-9.229666,UP,67.96378,55.141083,UP,26633.855,26421.652,284.21188
29-09-2023 03:00,27021.39000000,26441.307,25873.064,27009.549,27021.39,26710.27,26649.47,UP,26057.992,UP,113.540596,15.324386,UP,64.96228,55.289032,UP,26711.363,26460.918,205.17859
29-09-2023 07:00,26957.99000000,26472.615,25864.36,27080.87,26957.99,26710.27,26649.47,UP,26057.992,UP,130.31271,38.322052,UP,62.5625,56.99205,UP,26760.688,26501.271,152.54138
29-09-2023 11:00,27179.98000000,26516.373,25840.535,27192.21,27179.98,26767.695,26649.47,UP,26190.031,UP,159.67682,62.593002,UP,67.1398,59.316544,UP,26844.547,26554.574,151.96036
29-09-2023 15:00,26970.78000000,26547.219,25847.957,27246.48,26970.78,26825.44,26649.47,UP,26190.031,UP,164.17488,82.90938,DOWN,59.72846,60.44477,UP,26869.793,26604.229,113.475914
29-09-2023 19:00,26888.57000000,26578.047,25875.678,27280.414,26888.57,26827.824,26649.47,UP,26190.031,UP,159.27,98.1815,DOWN,57.06272,61.254845,UP,26873.549,26641.926,72.553566
29-09-2023 23:00,26926.52000000,26610.682,25907.234,27314.129,26926.52,26848.885,26649.47,UP,26190.031,UP,156.63947,109.8731,DOWN,57.994713,61.8756,UP,26884.143,26683.387,60.00267
30-09-2023 03:00,26906.96000000,26649.695,25971.87,27327.523,26906.96,26884.24,26698.41,UP,26190.031,UP,151.2331,118.145096,DOWN,57.304306,62.357746,UP,26888.707,26720.383,61.699333
30-09-2023 07:00,26915.30000000,26683.076,26022.182,27343.97,26915.3,26986.82,26698.41,UP,26190.031,UP,145.93918,123.70391,DOWN,57.536427,61.361668,UP,26894.025,26759.734,54.64914
30-09-2023 11:00,26931.75000000,26718.58,26084.916,27352.244,26931.75,26955.025,26698.41,UP,26190.031,UP,141.44064,127.25126,DOWN,58.02121,60.256935,UP,26901.57,26769.441,52.869576
30-09-2023 15:00,26936.02000000,26751.479,26144.98,27357.979,26936.02,26955.025,26698.41,UP,26330.396,UP,136.64493,129.12999,DOWN,58.15475,59.50054,UP,26908.46,26806.596,52.16064
30-09-2023 19:00,26996.29000000,26788.977,26220.496,27357.457,26996.29,26955.025,26698.41,UP,26393.139,UP,136.13824,130.53165,UP,60.08489,59.225254,UP,26926.025,26849.447,59.327137
30-09-2023 23:00,27020.70000000,26801.676,26224.473,27378.88,27020.7,26922.574,26698.41,UP,26461.773,UP,136.13708,131.65274,UP,60.872078,58.52884,UP,26944.96,26887.549,58.69719
01-10-2023 03:00,26962.56000000,26834.584,26301.145,27368.021,26962.56,26907.105,26704.24,UP,26533.033,DOWN,129.94681,131.31155,DOWN,57.941044,58.33024,UP,26948.48,26921.867,51.673904
01-10-2023 07:00,27044.76000000,26873.432,26401.09,27345.773,27044.76,26922.494,26704.24,UP,26556.537,DOWN,130.17326,131.0839,UP,60.813915,58.747036,UP,26967.736,26956.266,56.145355
01-10-2023 11:00,27107.95000000,26910.18,26487.549,27332.81,27107.95,27012.36,26710.27,UP,26749.098,UP,133.90802,131.64871,UP,62.91122,59.293316,UP,26995.78,26993.383,89.49213
01-10-2023 15:00,27187.71000000,26950.607,26588.55,27312.664,27187.71,27087.695,26710.27,UP,26847.787,UP,141.67073,133.65312,UP,65.426544,60.195786,UP,27034.166,27003.248,136.67363
01-10-2023 19:00,27153.18000000,26985.268,26691.42,27279.113,27153.18,27096.045,26710.27,UP,26847.787,UP,143.3836,135.59921,UP,63.42123,60.849655,UP,27057.969,27006.377,121.59425
01-10-2023 23:00,27103.02000000,27016.572,26833.494,27199.65,27103.02,27096.045,26710.27,UP,26847.787,UP,139.09023,136.29742,DOWN,60.519424,61.12723,UP,27066.979,27011.18,80.63782
02-10-2023 03:00,27992.57000000,27065.2,26601.982,27528.418,27992.57,27484.26,27088.785,UP,26887.697,UP,205.10266,150.05847,UP,78.93064,63.435665,UP,27252.098,27072.037,400.48648
02-10-2023 07:00,28126.54000000,27116.527,26461.486,27771.568,28126.54,27578.365,27218.455,UP,27263.857,UP,265.1715,173.08107,UP,80.41216,65.69425,UP,27426.986,27127.717,372.7716
02-10-2023 11:00,28311.91000000,27181.053,26346.545,28015.56,28311.91,27688.365,27386.2,UP,27317.887,UP,323.99945,203.26476,UP,82.2699,68.071785,UP,27603.97,27206.607,279.74557
02-10-2023 15:00,28290.97000000,27247.701,26291.111,28204.293,28290.97,27719.186,27415.725,UP,27456.654,UP,364.727,235.55719,UP,81.33152,70.67073,UP,27741.371,27289.102,217.78685
