ThangCB,NamCB,Địa bàn,Ca bệnh,Ca tháng trước,Ca trung bình,DI_Index,BI_Index,MD_DS,NDTB,DATB,LMTB,Tình trạng
1,2006,1,72,75,65.1,0.13,20,2117,25.9,78,55.1,An toàn
1,2006,2,81,84,75.3,0.3,27,5075,25.9,78,55.1,Nguy cơ dịch
1,2006,3,26,29,18.3,0.12,25,6143,25.9,78,55.1,An toàn
1,2006,4,9,12,17.4,0,7,578,25.9,78,55.1,An toàn
1,2006,5,30,33,22.4,0.2,30,425,25.9,78,55.1,An toàn
1,2006,6,10,13,4.8,0.17,10,162,25.9,78,55.1,An toàn
1,2006,7,4,7,2.3,0.11,22,135,25.9,78,55.1,An toàn
1,2006,8,3,6,3.2,0.23,25,132,25.9,78,55.1,An toàn
1,2006,9,0,3,8.3,0.3,32,197,25.9,78,55.1,An toàn
2,2006,1,43,46,65.1,0.1,30,2117,26.4,79,70.5,An toàn
2,2006,2,45,48,75.3,0.13,23,5075,26.4,79,70.5,An toàn
2,2006,3,10,13,18.3,0.15,23,6143,26.4,79,70.5,An toàn
2,2006,4,8,11,17.4,0.05,20,578,26.4,79,70.5,An toàn
2,2006,5,17,20,22.4,0.23,35,425,26.4,79,70.5,An toàn
2,2006,6,4,7,4.8,0.18,33,162,26.4,79,70.5,An toàn
2,2006,7,2,5,2.3,0.16,15,135,26.4,79,70.5,An toàn
2,2006,8,4,7,3.2,0.2,10,132,26.4,79,70.5,An toàn
2,2006,9,1,4,8.3,0.12,17,197,26.4,79,70.5,An toàn
3,2006,1,32,35,65.1,0.14,17,2117,27.7,75,101.9,An toàn
3,2006,2,48,51,75.3,0.2,13,5075,27.7,75,101.9,An toàn
3,2006,3,10,13,18.3,0.23,32,6143,27.7,75,101.9,An toàn
3,2006,4,2,5,17.4,0.12,18,578,27.7,75,101.9,An toàn
3,2006,5,6,9,22.4,0.3,40,425,27.7,75,101.9,An toàn
3,2006,6,4,7,4.8,0.22,16,162,27.7,75,101.9,An toàn
3,2006,7,2,5,2.3,0.07,20,135,27.7,75,101.9,An toàn
3,2006,8,0,3,3.2,0.13,9,132,27.7,75,101.9,An toàn
3,2006,9,4,7,8.3,0.11,15,197,27.7,75,101.9,An toàn
4,2006,1,41,44,65.1,0.09,27,2117,28,81,219.5,An toàn
4,2006,2,20,23,75.3,0.23,40,5075,28,81,219.5,An toàn
4,2006,3,8,11,18.3,0.2,23,6143,28,81,219.5,An toàn
4,2006,4,0,3,17.4,0.13,23,578,28,81,219.5,An toàn
4,2006,5,5,8,22.4,0.33,25,425,28,81,219.5,An toàn
4,2006,6,3,6,4.8,0.26,12,162,28,81,219.5,An toàn
4,2006,7,2,5,2.3,0.14,18,135,28,81,219.5,An toàn
4,2006,8,1,4,3.2,0.2,10,132,28,81,219.5,An toàn
4,2006,9,3,6,8.3,0.17,30,197,28,81,219.5,An toàn
5,2006,1,69,72,65.1,0.13,35,2117,28,83,202.2,An toàn
5,2006,2,44,47,75.3,0.2,36.6,5075,28,83,202.2,An toàn
5,2006,3,13,16,18.3,0.23,27,6143,28,83,202.2,An toàn
5,2006,4,4,7,17.4,0.1,30,578,28,83,202.2,An toàn
5,2006,5,9,12,22.4,0.3,46,425,28,83,202.2,An toàn
5,2006,6,4,7,4.8,0.2,20,162,28,83,202.2,An toàn
5,2006,7,0,3,2.3,0.16,36,135,28,83,202.2,An toàn
5,2006,8,2,5,3.2,0.09,15,132,28,83,202.2,An toàn
5,2006,9,4,7,8.3,0.2,33,197,28,83,202.2,An toàn
6,2006,1,145,148,65.1,0.3,42,2117,27.6,85,191.5,Nguy cơ dịch
6,2006,2,108,111,75.3,0.23,37,5075,27.6,85,191.5,Nguy cơ dịch
6,2006,3,25,28,18.3,0.33,30,6143,27.6,85,191.5,An toàn
6,2006,4,29,32,17.4,0.18,33,578,27.6,85,191.5,An toàn
6,2006,5,23,26,22.4,0.2,34,425,27.6,85,191.5,An toàn
6,2006,6,3,6,4.8,0.12,27,162,27.6,85,191.5,An toàn
6,2006,7,3,6,2.3,0.11,30,135,27.6,85,191.5,An toàn
6,2006,8,2,5,3.2,0.05,23,132,27.6,85,191.5,An toàn
6,2006,9,16,19,8.3,0.08,32,197,27.6,85,191.5,An toàn
7,2006,1,150,153,65.1,0.3,56,2117,27.1,85,317,Nguy cơ dịch
7,2006,2,159,162,75.3,0.13,27,5075,27.1,85,317,An toàn
7,2006,3,52,55,18.3,0.1,25,6143,27.1,85,317,An toàn
7,2006,4,38,41,17.4,0.23,30,578,27.1,85,317,An toàn
7,2006,5,43,46,22.4,0.2,35,425,27.1,85,317,An toàn
7,2006,6,4,7,4.8,0.15,30,162,27.1,85,317,An toàn
7,2006,7,4,7,2.3,0.12,23,135,27.1,85,317,An toàn
7,2006,8,10,13,3.2,0.2,32,132,27.1,85,317,An toàn
7,2006,9,11,14,8.3,0.4,42,197,27.1,85,317,An toàn
8,2006,1,108,111,65.1,0.3,35,2117,27.8,84,116.7,Nguy cơ dịch
8,2006,2,152,155,75.3,0.1,13,5075,27.8,84,116.7,An toàn
8,2006,3,16,19,18.3,0.09,30,6143,27.8,84,116.7,An toàn
8,2006,4,45,48,17.4,0.13,23,578,27.8,84,116.7,An toàn
8,2006,5,45,48,22.4,0.23,32,425,27.8,84,116.7,An toàn
8,2006,6,12,15,4.8,0.1,35,162,27.8,84,116.7,An toàn
8,2006,7,1,4,2.3,0.07,13,135,27.8,84,116.7,An toàn
8,2006,8,4,7,3.2,0.1,20,132,27.8,84,116.7,An toàn
8,2006,9,29,32,8.3,0.33,42,197,27.8,84,116.7,An toàn
9,2006,1,62,65,65.1,0.23,30,2117,26.4,89,449.8,An toàn
9,2006,2,126,129,75.3,0.3,67,5075,26.4,89,449.8,Nguy cơ dịch
9,2006,3,20,23,18.3,0.12,24,6143,26.4,89,449.8,An toàn
9,2006,4,46,49,17.4,0.1,23,578,26.4,89,449.8,An toàn
9,2006,5,42,45,22.4,0.17,30,425,26.4,89,449.8,An toàn
9,2006,6,5,8,4.8,0.09,33,162,26.4,89,449.8,An toàn
9,2006,7,4,7,2.3,0.07,32,135,26.4,89,449.8,An toàn
9,2006,8,6,9,3.2,0.11,20,132,26.4,89,449.8,An toàn
9,2006,9,19,22,8.3,0.2,35,197,26.4,89,449.8,An toàn
10,2006,1,18,21,65.1,0.23,37,2117,27.1,84,115.5,An toàn
10,2006,2,57,60,75.3,0.17,40,5075,27.1,84,115.5,An toàn
10,2006,3,18,21,18.3,0.23,30,6143,27.1,84,115.5,An toàn
10,2006,4,12,15,17.4,0.12,23,578,27.1,84,115.5,An toàn
10,2006,5,15,18,22.4,0.3,39,425,27.1,84,115.5,An toàn
10,2006,6,1,4,4.8,0.1,22,162,27.1,84,115.5,An toàn
10,2006,7,1,4,2.3,0.05,10,135,27.1,84,115.5,An toàn
10,2006,8,2,5,3.2,0.03,9,132,27.1,84,115.5,An toàn
10,2006,9,7,10,8.3,0.13,24,197,27.1,84,115.5,An toàn
11,2006,1,23,26,65.1,0.22,33,2117,27.1,84,114.7,An toàn
11,2006,2,33,36,75.3,0.13,37,5075,27.1,84,114.7,An toàn
11,2006,3,11,14,18.3,0.1,25,6143,27.1,84,114.7,An toàn
11,2006,4,6,9,17.4,0.13,20,578,27.1,84,114.7,An toàn
11,2006,5,22,25,22.4,0.19,34,425,27.1,84,114.7,An toàn
11,2006,6,4,7,4.8,0.2,30,162,27.1,84,114.7,An toàn
11,2006,7,1,4,2.3,0.1,15,135,27.1,84,114.7,An toàn
11,2006,8,0,3,3.2,0.03,13,132,27.1,84,114.7,An toàn
11,2006,9,1,4,8.3,0.2,19,197,27.1,84,114.7,An toàn
12,2006,1,18,21,65.1,0.33,47,2117,26.9,78,7.3,An toàn
12,2006,2,30,33,75.3,0.1,13,5075,26.9,78,7.3,An toàn
12,2006,3,11,14,18.3,0.22,26,6143,26.9,78,7.3,An toàn
12,2006,4,10,13,17.4,0.2,37,578,26.9,78,7.3,An toàn
12,2006,5,12,15,22.4,0.13,35,425,26.9,78,7.3,An toàn
12,2006,6,4,7,4.8,0.1,27,162,26.9,78,7.3,An toàn
12,2006,7,3,6,2.3,0.13,10,135,26.9,78,7.3,An toàn
12,2006,8,4,7,3.2,0.02,7,132,26.9,78,7.3,An toàn
12,2006,9,4,7,8.3,0.17,23,197,26.9,78,7.3,An toàn
1,2007,1,16,19,22.6,0.09,15,2234,26.5,78,16.8,An toàn
1,2007,2,31,34,45.8,0.03,10,5175,26.5,78,16.8,An toàn
1,2007,3,4,7,10.2,0.07,13,6343,26.5,78,16.8,An toàn
1,2007,4,11,14,11.0,0.1,20,610,26.5,78,16.8,An toàn
1,2007,5,12,15,13.9,0.07,26.6,789,26.5,78,16.8,An toàn
1,2007,6,12,15,6.9,0.03,5,171,26.5,78,16.8,An toàn
1,2007,7,4,7,3.2,0.05,9,178,26.5,78,16.8,An toàn
1,2007,8,0,3,1.9,0.02,10,152,26.5,78,16.8,An toàn
1,2007,9,6,9,26.7,0.12,23,155,26.5,78,16.8,An toàn
2,2007,1,3,6,22.6,0.17,30,2234,28.4,70,15.2,An toàn
2,2007,2,5,8,45.8,0.1,20,5175,28.4,70,15.2,An toàn
2,2007,3,2,5,10.2,0.09,13,6343,28.4,70,15.2,An toàn
2,2007,4,14,17,11.0,0.12,10,610,28.4,70,15.2,An toàn
2,2007,5,9,12,13.9,0.17,30,789,28.4,70,15.2,An toàn
2,2007,6,5,8,6.9,0.03,8,171,28.4,70,15.2,An toàn
2,2007,7,0,3,3.2,0.02,3,178,28.4,70,15.2,An toàn
2,2007,8,1,4,1.9,0.03,5,152,28.4,70,15.2,An toàn
2,2007,9,2,5,26.7,0.02,10,155,28.4,70,15.2,An toàn
3,2007,1,6,9,22.6,0.13,20,2234,27.8,74,14.6,An toàn
3,2007,2,10,13,45.8,0.1,23,5175,27.8,74,14.6,An toàn
3,2007,3,0,3,10.2,0.07,10,6343,27.8,74,14.6,An toàn
3,2007,4,2,5,11.0,0.1,17,610,27.8,74,14.6,An toàn
3,2007,5,4,7,13.9,0.2,33,789,27.8,74,14.6,An toàn
3,2007,6,1,4,6.9,0.03,8,171,27.8,74,14.6,An toàn
3,2007,7,3,6,3.2,0,3,178,27.8,74,14.6,An toàn
3,2007,8,0,3,1.9,0,5,152,27.8,74,14.6,An toàn
3,2007,9,4,7,26.7,0.03,3,155,27.8,74,14.6,An toàn
4,2007,1,4,7,22.6,0.12,13,2234,30.3,78,124,An toàn
4,2007,2,10,13,45.8,0.1,17,5175,30.3,78,124,An toàn
4,2007,3,0,3,10.2,0.03,7,6343,30.3,78,124,An toàn
4,2007,4,1,4,11.0,0.1,15,610,30.3,78,124,An toàn
4,2007,5,1,4,13.9,0.23,57,789,30.3,78,124,An toàn
4,2007,6,1,4,6.9,0.03,5,171,30.3,78,124,An toàn
4,2007,7,0,3,3.2,0,3,178,30.3,78,124,An toàn
4,2007,8,2,5,1.9,0,2,152,30.3,78,124,An toàn
4,2007,9,3,6,26.7,0.023,5,155,30.3,78,124,An toàn
5,2007,1,11,14,22.6,0.13,30,2234,29.5,85,242.4,An toàn
5,2007,2,11,14,45.8,0.07,17,5175,29.5,85,242.4,An toàn
5,2007,3,0,3,10.2,0.1,20,6343,29.5,85,242.4,An toàn
5,2007,4,8,11,11.0,0.05,7,610,29.5,85,242.4,An toàn
5,2007,5,3,6,13.9,0.1,13,789,29.5,85,242.4,An toàn
5,2007,6,6,9,6.9,0.05,11,171,29.5,85,242.4,An toàn
5,2007,7,1,4,3.2,0.02,10,178,29.5,85,242.4,An toàn
5,2007,8,2,5,1.9,0,3,152,29.5,85,242.4,An toàn
5,2007,9,6,9,26.7,0,5,155,29.5,85,242.4,An toàn
6,2007,1,21,24,22.6,0.23,37,2234,28.3,89,409.8,An toàn
6,2007,2,29,32,45.8,0.13,27,5175,28.3,89,409.8,An toàn
6,2007,3,8,11,10.2,0.05,13,6343,28.3,89,409.8,An toàn
6,2007,4,11,14,11.0,0.08,10,610,28.3,89,409.8,An toàn
6,2007,5,16,19,13.9,0.17,53,789,28.3,89,409.8,An toàn
6,2007,6,7,10,6.9,0.03,7,171,28.3,89,409.8,An toàn
6,2007,7,0,3,3.2,0.03,10,178,28.3,89,409.8,An toàn
6,2007,8,9,12,1.9,0.03,13,152,28.3,89,409.8,An toàn
6,2007,9,14,17,26.7,0.03,5,155,28.3,89,409.8,An toàn
7,2007,1,26,29,22.6,0.33,52,2234,27.1,91,215,An toàn
7,2007,2,37,40,45.8,0.1,23,5175,27.1,91,215,An toàn
7,2007,3,16,19,10.2,0.13,17,6343,27.1,91,215,An toàn
7,2007,4,8,11,11.0,0.17,30,610,27.1,91,215,An toàn
7,2007,5,26,29,13.9,0.23,37,789,27.1,91,215,An toàn
7,2007,6,17,20,6.9,0.07,5,171,27.1,91,215,An toàn
7,2007,7,3,6,3.2,0.03,10,178,27.1,91,215,An toàn
7,2007,8,0,3,1.9,0.03,9,152,27.1,91,215,An toàn
7,2007,9,48,51,26.7,0.05,17,155,27.1,91,215,An toàn
8,2007,1,34,37,22.6,0.27,33,2234,27.2,91,255.2,An toàn
8,2007,2,71,74,45.8,0.1,23,5175,27.2,91,255.2,An toàn
8,2007,3,20,23,10.2,0.13,20,6343,27.2,91,255.2,An toàn
8,2007,4,18,21,11.0,0.1,25,610,27.2,91,255.2,An toàn
8,2007,5,21,24,13.9,0.2,17,789,27.2,91,255.2,An toàn
8,2007,6,1,4,6.9,0.07,10,171,27.2,91,255.2,An toàn
8,2007,7,1,4,3.2,0.05,13,178,27.2,91,255.2,An toàn
8,2007,8,0,3,1.9,0.03,7,152,27.2,91,255.2,An toàn
8,2007,9,58,61,26.7,0.07,23,155,27.2,91,255.2,An toàn
9,2007,1,33,36,22.6,0.3,36,2234,26.7,92,277,An toàn
9,2007,2,78,81,45.8,0.1,27,5175,26.7,92,277,An toàn
9,2007,3,24,27,10.2,0.05,20,6343,26.7,92,277,An toàn
9,2007,4,12,15,11.0,0.13,32,610,26.7,92,277,An toàn
9,2007,5,25,28,13.9,0.17,27,789,26.7,92,277,An toàn
9,2007,6,7,10,6.9,0.03,10,171,26.7,92,277,An toàn
9,2007,7,5,8,3.2,0.05,13,178,26.7,92,277,An toàn
9,2007,8,1,4,1.9,0.02,9,152,26.7,92,277,An toàn
9,2007,9,56,59,26.7,0.1,20,155,26.7,92,277,An toàn
10,2007,1,37,40,22.6,0.3,63,2234,26.8,92,391.6,An toàn
10,2007,2,70,73,45.8,0.1,10,5175,26.8,92,391.6,An toàn
10,2007,3,19,22,10.2,0.13,20,6343,26.8,92,391.6,An toàn
10,2007,4,20,23,11.0,0.2,30,610,26.8,92,391.6,An toàn
10,2007,5,20,23,13.9,0.07,20,789,26.8,92,391.6,An toàn
10,2007,6,6,9,6.9,0.05,30,171,26.8,92,391.6,An toàn
10,2007,7,11,14,3.2,0.03,10,178,26.8,92,391.6,An toàn
10,2007,8,2,5,1.9,0.05,13,152,26.8,92,391.6,An toàn
10,2007,9,46,49,26.7,0.03,17,155,26.8,92,391.6,An toàn
11,2007,1,40,43,22.6,0.12,33,2234,27,87,116.2,An toàn
11,2007,2,111,114,45.8,0,7,5175,27,87,116.2,An toàn
11,2007,3,23,26,10.2,0.12,17,6343,27,87,116.2,An toàn
11,2007,4,15,18,11.0,0.13,20,610,27,87,116.2,An toàn
11,2007,5,12,15,13.9,0,20,789,27,87,116.2,An toàn
11,2007,6,14,17,6.9,0.03,18,171,27,87,116.2,An toàn
11,2007,7,6,9,3.2,0.03,20,178,27,87,116.2,An toàn
11,2007,8,3,6,1.9,0.05,10,152,27,87,116.2,An toàn
11,2007,9,25,28,26.7,0.02,10,155,27,87,116.2,An toàn
12,2007,1,40,43,22.6,0.17,33,2234,25.3,84,59.2,An toàn
12,2007,2,87,90,45.8,0.1,20,5175,25.3,84,59.2,An toàn
12,2007,3,6,9,10.2,0.3,32,6343,25.3,84,59.2,An toàn
12,2007,4,12,15,11.0,0.05,17,610,25.3,84,59.2,An toàn
12,2007,5,18,21,13.9,0.03,13,789,25.3,84,59.2,An toàn
12,2007,6,6,9,6.9,0.02,15,171,25.3,84,59.2,An toàn
12,2007,7,4,7,3.2,0.03,7,178,25.3,84,59.2,An toàn
12,2007,8,3,6,1.9,0.02,10,152,25.3,84,59.2,An toàn
12,2007,9,52,55,26.7,0,13,155,25.3,84,59.2,An toàn
1,2008,1,22,25,108.6,0.17,34,2328,24.7,76,9.6,An toàn
1,2008,2,77,80,143.8,0.03,10,5417,24.7,76,9.6,An toàn
1,2008,3,8,11,44.4,0.09,20,6465,24.7,76,9.6,An toàn
1,2008,4,13,16,51.9,0.11,26,887,24.7,76,9.6,An toàn
1,2008,5,15,18,30.3,0.07,27,1009,24.7,76,9.6,An toàn
1,2008,6,4,7,12.6,0,7,171,24.7,76,9.6,An toàn
1,2008,7,1,4,6.9,0.03,13,242,24.7,76,9.6,An toàn
1,2008,8,5,8,14.3,0.02,10,152,24.7,76,9.6,An toàn
1,2008,9,23,26,23.6,0,11,163,24.7,76,9.6,An toàn
2,2008,1,11,14,108.6,0.07,28,2328,25.9,78,3.4,An toàn
2,2008,2,29,32,143.8,0.1,20,5417,25.9,78,3.4,An toàn
2,2008,3,8,11,44.4,0.09,45,6465,25.9,78,3.4,An toàn
2,2008,4,2,5,51.9,0.1,33,887,25.9,78,3.4,An toàn
2,2008,5,6,9,30.3,0.17,30,1009,25.9,78,3.4,An toàn
2,2008,6,3,6,12.6,0.03,10,171,25.9,78,3.4,An toàn
2,2008,7,3,6,6.9,0.02,3,242,25.9,78,3.4,An toàn
2,2008,8,1,4,14.3,0,1,152,25.9,78,3.4,An toàn
2,2008,9,10,13,23.6,0,0,163,25.9,78,3.4,An toàn
3,2008,1,14,17,108.6,0.1,30,2328,28.5,73,14.2,An toàn
3,2008,2,25,28,143.8,0.1,23,5417,28.5,73,14.2,An toàn
3,2008,3,16,19,44.4,0.03,10,6465,28.5,73,14.2,An toàn
3,2008,4,2,5,51.9,0.23,15,887,28.5,73,14.2,An toàn
3,2008,5,10,13,30.3,0.2,33,1009,28.5,73,14.2,An toàn
3,2008,6,11,14,12.6,0.03,5,171,28.5,73,14.2,An toàn
3,2008,7,0,3,6.9,0,10,242,28.5,73,14.2,An toàn
3,2008,8,2,5,14.3,0.05,7,152,28.5,73,14.2,An toàn
3,2008,9,11,14,23.6,0.01,10,163,28.5,73,14.2,An toàn
4,2008,1,21,24,108.6,0.03,30,2328,29,82,162,An toàn
4,2008,2,25,28,143.8,0.1,17,5417,29,82,162,An toàn
4,2008,3,3,6,44.4,0.02,10,6465,29,82,162,An toàn
4,2008,4,4,7,51.9,0.013,25,887,29,82,162,An toàn
4,2008,5,11,14,30.3,0.23,57,1009,29,82,162,An toàn
4,2008,6,5,8,12.6,0.03,17,171,29,82,162,An toàn
4,2008,7,0,3,6.9,0.02,10,242,29,82,162,An toàn
4,2008,8,8,11,14.3,0.02,13,152,29,82,162,An toàn
4,2008,9,17,20,23.6,0,0,163,29,82,162,An toàn
5,2008,1,35,38,108.6,0.13,25,2328,29.2,86,312.6,An toàn
5,2008,2,52,55,143.8,0.07,17,5417,29.2,86,312.6,An toàn
5,2008,3,10,13,44.4,0.01,17,6465,29.2,86,312.6,An toàn
5,2008,4,20,23,51.9,0.03,15,887,29.2,86,312.6,An toàn
5,2008,5,12,15,30.3,0.1,33,1009,29.2,86,312.6,An toàn
5,2008,6,1,4,12.6,0.02,13,171,29.2,86,312.6,An toàn
5,2008,7,1,4,6.9,0,3,242,29.2,86,312.6,An toàn
5,2008,8,18,21,14.3,0.01,3,152,29.2,86,312.6,An toàn
5,2008,9,13,16,23.6,0.01,5,163,29.2,86,312.6,An toàn
6,2008,1,98,101,108.6,0.2,27,2328,27.5,92,340.2,Nguy cơ dịch
6,2008,2,165,168,143.8,0.13,27,5417,27.5,92,340.2,An toàn
6,2008,3,40,43,44.4,0.1,23,6465,27.5,92,340.2,An toàn
6,2008,4,69,72,51.9,0.02,10,887,27.5,92,340.2,An toàn
6,2008,5,33,36,30.3,0.13,53,1009,27.5,92,340.2,An toàn
6,2008,6,14,17,12.6,0.2,30,171,27.5,92,340.2,An toàn
6,2008,7,3,6,6.9,0.01,10,242,27.5,92,340.2,An toàn
6,2008,8,34,37,14.3,0.03,5,152,27.5,92,340.2,An toàn
6,2008,9,27,30,23.6,0.03,7,163,27.5,92,340.2,An toàn
7,2008,1,224,227,108.6,0.13,28,2328,26.8,93,667.8,An toàn
7,2008,2,252,255,143.8,0.1,23,5417,26.8,93,667.8,An toàn
7,2008,3,77,80,44.4,0.03,43,6465,26.8,93,667.8,An toàn
7,2008,4,139,142,51.9,0.17,45,887,26.8,93,667.8,An toàn
7,2008,5,39,42,30.3,0.23,37,1009,26.8,93,667.8,An toàn
7,2008,6,31,34,12.6,0.13,30,171,26.8,93,667.8,An toàn
7,2008,7,12,15,6.9,0.01,10,242,26.8,93,667.8,An toàn
7,2008,8,44,47,14.3,0.02,7,152,26.8,93,667.8,An toàn
7,2008,9,39,42,23.6,0.01,3,163,26.8,93,667.8,An toàn
8,2008,1,188,191,108.6,0.23,56,2328,27.6,90,250.8,Nguy cơ dịch
8,2008,2,184,187,143.8,0.13,30,5417,27.6,90,250.8,An toàn
8,2008,3,70,73,44.4,0.2,33,6465,27.6,90,250.8,An toàn
8,2008,4,111,114,51.9,0.17,20,887,27.6,90,250.8,An toàn
8,2008,5,48,51,30.3,0.2,17,1009,27.6,90,250.8,An toàn
8,2008,6,17,20,12.6,0.1,37,171,27.6,90,250.8,An toàn
8,2008,7,13,16,6.9,0.03,10,242,27.6,90,250.8,An toàn
8,2008,8,25,28,14.3,0.01,7,152,27.6,90,250.8,An toàn
8,2008,9,53,56,23.6,0.03,15,163,27.6,90,250.8,An toàn
9,2008,1,235,238,108.6,0.2,45,2328,27.2,92,293,Nguy cơ dịch
9,2008,2,274,277,143.8,0.1,27,5417,27.2,92,293,An toàn
9,2008,3,130,133,44.4,0.03,20,6465,27.2,92,293,An toàn
9,2008,4,102,105,51.9,0.12,25,887,27.2,92,293,An toàn
9,2008,5,60,63,30.3,0.17,27,1009,27.2,92,293,An toàn
9,2008,6,19,22,12.6,0.19,27,171,27.2,92,293,An toàn
9,2008,7,11,14,6.9,0.03,7,242,27.2,92,293,An toàn
9,2008,8,20,23,14.3,0.02,10,152,27.2,92,293,An toàn
9,2008,9,22,25,23.6,0.01,15,163,27.2,92,293,An toàn
10,2008,1,168,171,108.6,0.3,27,2328,27.2,90,128,Nguy cơ dịch
10,2008,2,277,280,143.8,0.1,10,5417,27.2,90,128,An toàn
10,2008,3,62,65,44.4,0.13,23,6465,27.2,90,128,An toàn
10,2008,4,67,70,51.9,0.17,27,887,27.2,90,128,An toàn
10,2008,5,48,51,30.3,0.07,20,1009,27.2,90,128,An toàn
10,2008,6,15,18,12.6,0.09,30,171,27.2,90,128,An toàn
10,2008,7,16,19,6.9,0.02,10,242,27.2,90,128,An toàn
10,2008,8,2,5,14.3,0.03,15,152,27.2,90,128,An toàn
10,2008,9,36,39,23.6,0.03,5,163,27.2,90,128,An toàn
11,2008,1,168,171,108.6,0.33,30,2328,27.5,85,92.6,Nguy cơ dịch
11,2008,2,210,213,143.8,0,6.67,5417,27.5,85,92.6,An toàn
11,2008,3,62,65,44.4,0.05,40,6465,27.5,85,92.6,An toàn
11,2008,4,41,44,51.9,0.13,23,887,27.5,85,92.6,An toàn
11,2008,5,37,40,30.3,0,26.6,1009,27.5,85,92.6,An toàn
11,2008,6,15,18,12.6,0.03,53,171,27.5,85,92.6,An toàn
11,2008,7,11,14,6.9,0,6.5,242,27.5,85,92.6,An toàn
11,2008,8,3,6,14.3,0.02,7.6,152,27.5,85,92.6,An toàn
11,2008,9,15,18,23.6,0.03,9,163,27.5,85,92.6,An toàn
12,2008,1,119,122,108.6,0.23,32,2328,26.7,82,21.6,Nguy cơ dịch
12,2008,2,155,158,143.8,0.1,20,5417,26.7,82,21.6,An toàn
12,2008,3,47,50,44.4,0.3,33,6465,26.7,82,21.6,An toàn
12,2008,4,53,56,51.9,0.03,17,887,26.7,82,21.6,An toàn
12,2008,5,45,48,30.3,0.03,13.3,1009,26.7,82,21.6,An toàn
12,2008,6,16,19,12.6,0.07,17,171,26.7,82,21.6,An toàn
12,2008,7,12,15,6.9,0.02,5,242,26.7,82,21.6,An toàn
12,2008,8,9,12,14.3,0.03,7,152,26.7,82,21.6,An toàn
12,2008,9,17,20,23.6,0.03,10,163,26.7,82,21.6,An toàn
1,2009,1,46,49,39.4,0.15,33,2390,25.3,80,0.6,An toàn
1,2009,2,83,86,54.8,0.1,20,5689,25.3,80,0.6,An toàn
1,2009,3,6,9,15.3,0.2,25,6568,25.3,80,0.6,An toàn
1,2009,4,16,19,27.3,0.07,17,957,25.3,80,0.6,An toàn
1,2009,5,13,16,15.8,0.03,13.33,1072,25.3,80,0.6,An toàn
1,2009,6,8,11,3.5,0.02,23,175,25.3,80,0.6,An toàn
1,2009,7,4,7,7.7,0,15,252,25.3,80,0.6,An toàn
1,2009,8,2,5,2.3,0.01,11,156,25.3,80,0.6,An toàn
1,2009,9,15,18,11.2,0.02,19,165,25.3,80,0.6,An toàn
2,2009,1,19,22,39.4,0.06,32,2390,25.9,77,1.2,An toàn
2,2009,2,31,34,54.8,0.1,20,5689,25.9,77,1.2,An toàn
2,2009,3,13,16,15.3,0.25,30,6568,25.9,77,1.2,An toàn
2,2009,4,18,21,27.3,0.09,13,957,25.9,77,1.2,An toàn
2,2009,5,10,13,15.8,0,0,1072,25.9,77,1.2,An toàn
2,2009,6,2,5,3.5,0,8,175,25.9,77,1.2,An toàn
2,2009,7,6,9,7.7,0.014,7,252,25.9,77,1.2,An toàn
2,2009,8,1,4,2.3,0.03,26,156,25.9,77,1.2,An toàn
2,2009,9,4,7,11.2,0,5,165,25.9,77,1.2,An toàn
3,2009,1,23,26,39.4,0.13,34,2390,28.3,75,4.3,An toàn
3,2009,2,25,28,54.8,0,10,5689,28.3,75,4.3,An toàn
3,2009,3,3,6,15.3,0.07,25,6568,28.3,75,4.3,An toàn
3,2009,4,9,12,27.3,0.15,27,957,28.3,75,4.3,An toàn
3,2009,5,12,15,15.8,0,7,1072,28.3,75,4.3,An toàn
3,2009,6,1,4,3.5,0.02,12,175,28.3,75,4.3,An toàn
3,2009,7,2,5,7.7,0.3,17,252,28.3,75,4.3,An toàn
3,2009,8,2,5,2.3,0.09,13,156,28.3,75,4.3,An toàn
3,2009,9,2,5,11.2,0.01,5,165,28.3,75,4.3,An toàn
4,2009,1,24,27,39.4,0.32,43,2390,29.1,79,135.4,An toàn
4,2009,2,25,28,54.8,0.07,13,5689,29.1,79,135.4,An toàn
4,2009,3,5,8,15.3,0.23,36,6568,29.1,79,135.4,An toàn
4,2009,4,12,15,27.3,0.02,11,957,29.1,79,135.4,An toàn
4,2009,5,11,14,15.8,0,30,1072,29.1,79,135.4,An toàn
4,2009,6,2,5,3.5,0,3,175,29.1,79,135.4,An toàn
4,2009,7,10,13,7.7,0.012,4,252,29.1,79,135.4,An toàn
4,2009,8,3,6,2.3,0,0,156,29.1,79,135.4,An toàn
4,2009,9,9,12,11.2,0,13,165,29.1,79,135.4,An toàn
5,2009,1,14,17,39.4,0.35,29,2390,29.7,84,123.6,An toàn
5,2009,2,26,29,54.8,0.07,13.33,5689,29.7,84,123.6,An toàn
5,2009,3,14,17,15.3,0.05,25,6568,29.7,84,123.6,An toàn
5,2009,4,27,30,27.3,0.06,21,957,29.7,84,123.6,An toàn
5,2009,5,11,14,15.8,0.07,30,1072,29.7,84,123.6,An toàn
5,2009,6,7,10,3.5,0.12,17,175,29.7,84,123.6,An toàn
5,2009,7,14,17,7.7,0,11,252,29.7,84,123.6,An toàn
5,2009,8,5,8,2.3,0.05,21,156,29.7,84,123.6,An toàn
5,2009,9,14,17,11.2,0.07,23,165,29.7,84,123.6,An toàn
6,2009,1,36,39,39.4,0.2,19,2390,27.9,90,369.2,An toàn
6,2009,2,80,83,54.8,0.07,26.67,5689,27.9,90,369.2,An toàn
6,2009,3,22,25,15.3,0.33,46,6568,27.9,90,369.2,An toàn
6,2009,4,28,31,27.3,0.13,27,957,27.9,90,369.2,An toàn
6,2009,5,12,15,15.8,0.03,23.33,1072,27.9,90,369.2,An toàn
6,2009,6,1,4,3.5,0.1,20,175,27.9,90,369.2,An toàn
6,2009,7,7,10,7.7,0.07,15,252,27.9,90,369.2,An toàn
6,2009,8,1,4,2.3,0,5,156,27.9,90,369.2,An toàn
6,2009,9,23,26,11.2,0.02,17,165,27.9,90,369.2,An toàn
7,2009,1,60,63,39.4,0.23,43.6,2390,27.6,92,313.6,An toàn
7,2009,2,122,125,54.8,0.07,46.67,5689,27.6,92,313.6,An toàn
7,2009,3,21,24,15.3,0.36,53,6568,27.6,92,313.6,An toàn
7,2009,4,41,44,27.3,0.01,11,957,27.6,92,313.6,An toàn
7,2009,5,22,25,15.8,0.07,16.67,1072,27.6,92,313.6,An toàn
7,2009,6,4,7,3.5,0.23,31,175,27.6,92,313.6,An toàn
7,2009,7,14,17,7.7,0.02,14,252,27.6,92,313.6,An toàn
7,2009,8,4,7,2.3,0.03,21,156,27.6,92,313.6,An toàn
7,2009,9,1,4,11.2,0.3,42,165,27.6,92,313.6,An toàn
8,2009,1,68,71,39.4,0.3,57.3,2390,27.6,92,313.6,An toàn
8,2009,2,55,58,54.8,0.28,67,5689,27.9,91,236.6,An toàn
8,2009,3,16,19,15.3,0.23,37,6568,27.9,91,236.6,An toàn
8,2009,4,55,58,27.3,0.2,43,957,27.9,91,236.6,An toàn
8,2009,5,37,40,15.8,0,50,1072,27.9,91,236.6,An toàn
8,2009,6,3,6,3.5,0.07,32,175,27.9,91,236.6,An toàn
8,2009,7,9,12,7.7,0.03,17,252,27.9,91,236.6,An toàn
8,2009,8,2,5,2.3,0.01,23,156,27.9,91,236.6,An toàn
8,2009,9,8,11,11.2,0.05,41,165,27.9,91,236.6,An toàn
9,2009,1,59,62,39.4,0.06,35,2390,27.7,91,489.6,An toàn
9,2009,2,60,63,54.8,0.06,23,5689,27.7,91,489.6,An toàn
9,2009,3,15,18,15.3,0.32,52,6568,27.7,91,489.6,An toàn
9,2009,4,49,52,27.3,0.02,34,957,27.7,91,489.6,An toàn
9,2009,5,13,16,15.8,0.06,20,1072,27.7,91,489.6,An toàn
9,2009,6,3,6,3.5,0,25,175,27.7,91,489.6,An toàn
9,2009,7,9,12,7.7,0.03,27,252,27.7,91,489.6,An toàn
9,2009,8,1,4,2.3,0.03,13,156,27.7,91,489.6,An toàn
9,2009,9,16,19,11.2,0.1,36,165,27.7,91,489.6,An toàn
10,2009,1,34,37,39.4,0.23,74,2390,27.8,90,196.8,An toàn
10,2009,2,54,57,54.8,0.07,50,5689,27.8,90,196.8,An toàn
10,2009,3,20,23,15.3,0.33,64,6568,27.8,90,196.8,An toàn
10,2009,4,30,33,27.3,0.03,29,957,27.8,90,196.8,An toàn
10,2009,5,14,17,15.8,0.07,26.67,1072,27.8,90,196.8,An toàn
10,2009,6,2,5,3.5,0.03,43,175,27.8,90,196.8,An toàn
10,2009,7,8,11,7.7,0.01,41,252,27.8,90,196.8,An toàn
10,2009,8,4,7,2.3,0.2,15,156,27.8,90,196.8,An toàn
10,2009,9,15,18,11.2,0.07,26,165,27.8,90,196.8,An toàn
11,2009,1,35,38,39.4,0.37,58,2390,27.7,89,197.6,An toàn
11,2009,2,55,58,54.8,0.4,23.33,5689,27.7,89,197.6,An toàn
11,2009,3,21,24,15.3,0.37,40,6568,27.7,89,197.6,An toàn
11,2009,4,25,28,27.3,0.13,30,957,27.7,89,197.6,An toàn
11,2009,5,15,18,15.8,0,50,1072,27.7,89,197.6,An toàn
11,2009,6,2,5,3.5,0,24,175,27.7,89,197.6,An toàn
11,2009,7,3,6,7.7,0.33,53,252,27.7,89,197.6,An toàn
11,2009,8,1,4,2.3,0,17,156,27.7,89,197.6,An toàn
11,2009,9,16,19,11.2,0.2,13,165,27.7,89,197.6,An toàn
12,2009,1,55,58,39.4,0.32,83,2390,27.3,84,40.2,An toàn
12,2009,2,41,44,54.8,0,86.67,5689,27.3,84,40.2,An toàn
12,2009,3,28,31,15.3,0.23,41,6568,27.3,84,40.2,An toàn
12,2009,4,18,21,27.3,0,33,957,27.3,84,40.2,An toàn
12,2009,5,20,23,15.8,0.1,20,1072,27.3,84,40.2,An toàn
12,2009,6,7,10,3.5,0.12,21,175,27.3,84,40.2,An toàn
12,2009,7,6,9,7.7,0,13,252,27.3,84,40.2,An toàn
12,2009,8,1,4,2.3,0.2,43,156,27.3,84,40.2,An toàn
12,2009,9,11,14,11.2,0.1,20,165,27.3,84,40.2,An toàn
1,2010,1,57,60,143.5,0.23,50,2503,27.8,80,19.8,An toàn
1,2010,2,35,38,134.6,0.1,23,5617,27.8,80,19.8,An toàn
1,2010,3,34,37,57.2,0.1,10,6509,27.8,80,19.8,An toàn
1,2010,4,13,16,56.9,0,17,987,27.8,80,19.8,An toàn
1,2010,5,19,22,75.1,0.2,35,1239,27.8,80,19.8,An toàn
1,2010,6,2,5,16.8,0.1,21,175,27.8,80,19.8,An toàn
1,2010,7,3,6,12.2,0,7,262,27.8,80,19.8,An toàn
1,2010,8,5,8,13.6,0.13,23,158,27.8,80,19.8,An toàn
1,2010,9,8,11,28.3,0.1,43,168,27.8,80,19.8,An toàn
2,2010,1,25,28,143.5,0.3,27,2503,27.3,70,4.7,An toàn
2,2010,2,22,25,134.6,0.07,7,5617,27.3,70,4.7,An toàn
2,2010,3,10,13,57.2,0.07,23,6509,27.3,70,4.7,An toàn
2,2010,4,10,13,56.9,0.03,25,987,27.3,70,4.7,An toàn
2,2010,5,8,11,75.1,0.03,29,1239,27.3,70,4.7,An toàn
2,2010,6,0,3,16.8,0,11,175,27.3,70,4.7,An toàn
2,2010,7,1,4,12.2,0.3,26,262,27.3,70,4.7,An toàn
2,2010,8,0,3,13.6,0,15,158,27.3,70,4.7,An toàn
2,2010,9,3,6,28.3,0,12,168,27.3,70,4.7,An toàn
3,2010,1,11,14,143.5,0.2,28,2503,28.5,76,8.2,An toàn
3,2010,2,22,25,134.6,0.13,10,5617,28.5,76,8.2,An toàn
3,2010,3,7,10,57.2,0.07,17,6509,28.5,76,8.2,An toàn
3,2010,4,10,13,56.9,0.01,14,987,28.5,76,8.2,An toàn
3,2010,5,3,6,75.1,0.2,20,1239,28.5,76,8.2,An toàn
3,2010,6,0,3,16.8,0.03,23,175,28.5,76,8.2,An toàn
3,2010,7,2,5,12.2,0,7,262,28.5,76,8.2,An toàn
3,2010,8,2,5,13.6,0,15,158,28.5,76,8.2,An toàn
3,2010,9,4,7,28.3,0.12,13,168,28.5,76,8.2,An toàn
4,2010,1,9,12,143.5,0.2,22,2503,30.5,76,8.4,An toàn
4,2010,2,15,18,134.6,0.06,10,5617,30.5,76,8.4,An toàn
4,2010,3,8,11,57.2,0.13,27,6509,30.5,76,8.4,An toàn
4,2010,4,10,13,56.9,0.01,11,987,30.5,76,8.4,An toàn
4,2010,5,7,10,75.1,0.03,20,1239,30.5,76,8.4,An toàn
4,2010,6,0,3,16.8,0.02,25,175,30.5,76,8.4,An toàn
4,2010,7,0,3,12.2,0,17,262,30.5,76,8.4,An toàn
4,2010,8,0,3,13.6,0.01,3,158,30.5,76,8.4,An toàn
4,2010,9,3,6,28.3,0.03,23,168,30.5,76,8.4,An toàn
5,2010,1,31,34,143.5,0.023,12,2503,30.2,84,169.8,An toàn
5,2010,2,21,24,134.6,0.1,10,5617,30.2,84,169.8,An toàn
5,2010,3,12,15,57.2,0.13,20,6509,30.2,84,169.8,An toàn
5,2010,4,13,16,56.9,0.12,33,987,30.2,84,169.8,An toàn
5,2010,5,12,15,75.1,0,21,1239,30.2,84,169.8,An toàn
5,2010,6,1,4,16.8,0.03,46,175,30.2,84,169.8,An toàn
5,2010,7,2,5,12.2,0.02,11,262,30.2,84,169.8,An toàn
5,2010,8,3,6,13.6,0,25,158,30.2,84,169.8,An toàn
5,2010,9,5,8,28.3,0.03,23,168,30.2,84,169.8,An toàn
6,2010,1,70,73,143.5,0.1,20,2503,28.1,92,359.2,An toàn
6,2010,2,36,39,134.6,0.04,30,5617,28.1,92,359.2,An toàn
6,2010,3,15,18,57.2,0.2,37,6509,28.1,92,359.2,An toàn
6,2010,4,18,21,56.9,0.02,33,987,28.1,92,359.2,An toàn
6,2010,5,22,25,75.1,0.03,13,1239,28.1,92,359.2,An toàn
6,2010,6,1,4,16.8,0,15,175,28.1,92,359.2,An toàn
6,2010,7,5,8,12.2,0.02,13,262,28.1,92,359.2,An toàn
6,2010,8,7,10,13.6,0.01,17,158,28.1,92,359.2,An toàn
6,2010,9,7,10,28.3,0.01,13,168,28.1,92,359.2,An toàn
7,2010,1,197,200,143.5,0.3,23,2503,27.6,92,214,Nguy cơ dịch
7,2010,2,132,135,134.6,0.1,30,5617,27.6,92,214,An toàn
7,2010,3,31,34,57.2,0.2,33,6509,27.6,92,214,An toàn
7,2010,4,59,62,56.9,0.07,30,987,27.6,92,214,An toàn
7,2010,5,69,72,75.1,0.2,15,1239,27.6,92,214,An toàn
7,2010,6,22,25,16.8,0.3,25,175,27.6,92,214,An toàn
7,2010,7,7,10,12.2,0,13,262,27.6,92,214,An toàn
7,2010,8,20,23,13.6,0.33,46,158,27.6,92,214,An toàn
7,2010,9,16,19,28.3,0.03,17,168,27.6,92,214,An toàn
8,2010,1,344,347,143.5,0.33,63,2503,27.7,94,251.8,Nguy cơ dịch
8,2010,2,284,287,134.6,0.1,80,5617,27.7,94,251.8,An toàn
8,2010,3,116,119,57.2,0.1,17,6509,27.7,94,251.8,An toàn
8,2010,4,117,120,56.9,0.2,20,987,27.7,94,251.8,Nguy cơ dịch
8,2010,5,120,123,75.1,0.23,41,1239,27.7,94,251.8,Nguy cơ dịch
8,2010,6,31,34,16.8,0.13,30,175,27.7,94,251.8,An toàn
8,2010,7,19,22,12.2,0.01,23,262,27.7,94,251.8,An toàn
8,2010,8,16,19,13.6,0,20,158,27.7,94,251.8,An toàn
8,2010,9,47,50,28.3,0.02,23,168,27.7,94,251.8,An toàn
9,2010,1,348,351,143.5,0.34,76,2503,27.3,94,741.6,Nguy cơ dịch
9,2010,2,281,284,134.6,0,63,5617,27.3,94,741.6,An toàn
9,2010,3,155,158,57.2,0.13,100,6509,27.3,94,741.6,An toàn
9,2010,4,122,125,56.9,0.2,72,987,27.3,94,741.6,Nguy cơ dịch
9,2010,5,153,156,75.1,0.23,47,1239,27.3,94,741.6,Nguy cơ dịch
9,2010,6,34,37,16.8,0.3,27,175,27.3,94,741.6,An toàn
9,2010,7,39,42,12.2,0.01,25,262,27.3,94,741.6,An toàn
9,2010,8,34,37,13.6,0.02,30,158,27.3,94,741.6,An toàn
9,2010,9,48,51,28.3,0.01,15,168,27.3,94,741.6,An toàn
10,2010,1,274,277,143.5,0.33,37,2503,26.9,96,391.2,Nguy cơ dịch
10,2010,2,348,351,134.6,0.13,37,5617,26.9,96,391.2,An toàn
10,2010,3,135,138,57.2,0.6,70,6509,26.9,96,391.2,Nguy cơ dịch
10,2010,4,136,139,56.9,0.33,45,987,26.9,96,391.2,Nguy cơ dịch
10,2010,5,191,194,75.1,0.23,30,1239,26.9,96,391.2,Nguy cơ dịch
10,2010,6,51,54,16.8,0.03,21,175,26.9,96,391.2,An toàn
10,2010,7,32,35,12.2,0.01,23,262,26.9,96,391.2,An toàn
10,2010,8,40,43,13.6,0.02,25,158,26.9,96,391.2,An toàn
10,2010,9,63,66,28.3,0.01,20,168,26.9,96,391.2,An toàn
11,2010,1,205,208,143.5,0.35,78,2503,27.5,91,301.6,Nguy cơ dịch
11,2010,2,230,233,134.6,0.06,67,5617,27.5,91,301.6,An toàn
11,2010,3,85,88,57.2,0.37,17,6509,27.5,91,301.6,Nguy cơ dịch
11,2010,4,100,103,56.9,0.23,37,987,27.5,91,301.6,Nguy cơ dịch
11,2010,5,163,166,75.1,0.2,43,1239,27.5,91,301.6,Nguy cơ dịch
11,2010,6,38,41,16.8,0,25,175,27.5,91,301.6,An toàn
11,2010,7,20,23,12.2,0.1,34,262,27.5,91,301.6,An toàn
11,2010,8,15,18,13.6,0.03,20,158,27.5,91,301.6,An toàn
11,2010,9,66,69,28.3,0.01,23,168,27.5,91,301.6,An toàn
12,2010,1,151,154,143.5,0.3,36,2503,26.5,90,26.4,Nguy cơ dịch
12,2010,2,189,192,134.6,0.2,13,5617,26.5,90,26.4,Nguy cơ dịch
12,2010,3,78,81,57.2,0.33,20,6509,26.5,90,26.4,An toàn
12,2010,4,75,78,56.9,0.2,41,987,26.5,90,26.4,An toàn
12,2010,5,134,137,75.1,0.3,23,1239,26.5,90,26.4,Nguy cơ dịch
12,2010,6,22,25,16.8,0.15,25,175,26.5,90,26.4,An toàn
12,2010,7,16,19,12.2,0.1,20,262,26.5,90,26.4,An toàn
12,2010,8,21,24,13.6,0.2,35,158,26.5,90,26.4,An toàn
12,2010,9,69,72,28.3,0.1,27,168,26.5,90,26.4,An toàn
1,2011,1,110,113,104.3,0.23,56,2550,27.1,84,32,Nguy cơ dịch
1,2011,2,129,132,73.3,0.15,13,5704,27.1,84,32,An toàn
1,2011,3,40,43,25.6,0.03,53,6499,27.1,84,32,An toàn
1,2011,4,49,52,38.1,0.1,31,1052,27.1,84,32,An toàn
1,2011,5,111,114,76.6,0.3,37,1446,27.1,84,32,Nguy cơ dịch
1,2011,6,16,19,19.7,0.23,43,177,27.1,84,32,An toàn
1,2011,7,17,20,12.0,0,7,274,27.1,84,32,An toàn
1,2011,8,14,17,31.6,0.01,20,160,27.1,84,32,An toàn
1,2011,9,32,35,52.0,0.02,11,170,27.1,84,32,An toàn
2,2011,1,44,47,104.3,0.27,55,2550,28,82,140.6,An toàn
2,2011,2,63,66,73.3,0.07,10,5704,28,82,140.6,An toàn
2,2011,3,11,14,25.6,0.1,27,6499,28,82,140.6,An toàn
2,2011,4,16,19,38.1,0.3,34,1052,28,82,140.6,An toàn
2,2011,5,76,79,76.6,0.23,23,1446,28,82,140.6,An toàn
2,2011,6,9,12,19.7,0.03,43,177,28,82,140.6,An toàn
2,2011,7,9,12,12.0,0.02,15,274,28,82,140.6,An toàn
2,2011,8,17,20,31.6,0.01,11,160,28,82,140.6,An toàn
2,2011,9,15,18,52.0,0.01,21,170,28,82,140.6,An toàn
3,2011,1,34,37,104.3,0.23,33,2550,28.1,81,28,An toàn
3,2011,2,20,23,73.3,0.2,17,5704,28.1,81,28,An toàn
3,2011,3,6,9,25.6,0.27,33,6499,28.1,81,28,An toàn
3,2011,4,16,19,38.1,0.33,37,1052,28.1,81,28,An toàn
3,2011,5,23,26,76.6,0.03,27,1446,28.1,81,28,An toàn
3,2011,6,4,7,19.7,0.03,25,177,28.1,81,28,An toàn
3,2011,7,5,8,12.0,0.01,15,274,28.1,81,28,An toàn
3,2011,8,13,16,31.6,0,7,160,28.1,81,28,An toàn
3,2011,9,14,17,52.0,0,13,170,28.1,81,28,An toàn
4,2011,1,31,34,104.3,0.2,30,2550,28.9,86,166.8,An toàn
4,2011,2,22,25,73.3,0.07,33,5704,28.9,86,166.8,An toàn
4,2011,3,5,8,25.6,0.1,7,6499,28.9,86,166.8,An toàn
4,2011,4,11,14,38.1,0.03,33,1052,28.9,86,166.8,An toàn
4,2011,5,31,34,76.6,0.03,27,1446,28.9,86,166.8,An toàn
4,2011,6,12,15,19.7,0.01,13,177,28.9,86,166.8,An toàn
4,2011,7,4,7,12.0,0.023,25,274,28.9,86,166.8,An toàn
4,2011,8,10,13,31.6,0,30,160,28.9,86,166.8,An toàn
4,2011,9,12,15,52.0,0.02,41,170,28.9,86,166.8,An toàn
5,2011,1,66,69,104.3,0.33,37,2550,28.4,93,311.6,An toàn
5,2011,2,22,25,73.3,0.07,33,5704,28.4,93,311.6,An toàn
5,2011,3,11,14,25.6,0.13,13,6499,28.4,93,311.6,An toàn
5,2011,4,25,28,38.1,0.2,35,1052,28.4,93,311.6,An toàn
5,2011,5,48,51,76.6,0.03,27,1446,28.4,93,311.6,An toàn
5,2011,6,17,20,19.7,0.02,11,177,28.4,93,311.6,An toàn
5,2011,7,4,7,12.0,0.01,29,274,28.4,93,311.6,An toàn
5,2011,8,26,29,31.6,0,7,160,28.4,93,311.6,An toàn
5,2011,9,14,17,52.0,0.01,25,170,28.4,93,311.6,An toàn
6,2011,1,75,78,104.3,0.37,58,2550,28.4,92,169.2,An toàn
6,2011,2,46,49,73.3,0.13,23,5704,28.4,92,169.2,An toàn
6,2011,3,19,22,25.6,0.07,27,6499,28.4,92,169.2,An toàn
6,2011,4,41,44,38.1,0.13,63,1052,28.4,92,169.2,An toàn
6,2011,5,62,65,76.6,0.3,45,1446,28.4,92,169.2,An toàn
6,2011,6,19,22,19.7,0.03,37,177,28.4,92,169.2,An toàn
6,2011,7,5,8,12.0,0,13,274,28.4,92,169.2,An toàn
6,2011,8,52,55,31.6,0.02,20,160,28.4,92,169.2,An toàn
6,2011,9,54,57,52.0,0.01,27,170,28.4,92,169.2,An toàn
7,2011,1,174,177,104.3,0.35,56,2550,27.5,94,274,Nguy cơ dịch
7,2011,2,105,108,73.3,0.2,30,5704,27.5,94,274,Nguy cơ dịch
7,2011,3,47,50,25.6,0.27,27,6499,27.5,94,274,An toàn
7,2011,4,57,60,38.1,0.23,43,1052,27.5,94,274,An toàn
7,2011,5,133,136,76.6,0.12,33,1446,27.5,94,274,An toàn
7,2011,6,29,32,19.7,0.07,34,177,27.5,94,274,An toàn
7,2011,7,21,24,12.0,0.03,17,274,27.5,94,274,An toàn
7,2011,8,92,95,31.6,0.02,20,160,27.5,94,274,An toàn
7,2011,9,126,129,52.0,0.12,23,170,27.5,94,274,An toàn
8,2011,1,183,186,104.3,0.33,55,2550,27.8,94,206.8,Nguy cơ dịch
8,2011,2,120,123,73.3,0.1,53,5704,27.8,94,206.8,An toàn
8,2011,3,54,57,25.6,0.1,30,6499,27.8,94,206.8,An toàn
8,2011,4,55,58,38.1,0.3,25,1052,27.8,94,206.8,An toàn
8,2011,5,144,147,76.6,0.23,43,1446,27.8,94,206.8,Nguy cơ dịch
8,2011,6,40,43,19.7,0.2,40,177,27.8,94,206.8,An toàn
8,2011,7,16,19,12.0,0.1,23,274,27.8,94,206.8,An toàn
8,2011,8,85,88,31.6,0.03,25,160,27.8,94,206.8,An toàn
8,2011,9,122,125,52.0,0.2,27,170,27.8,94,206.8,Nguy cơ dịch
9,2011,1,179,182,104.3,0.2,53,2550,28.2,93,336.2,Nguy cơ dịch
9,2011,2,100,103,73.3,0.13,37,5704,28.2,93,336.2,An toàn
9,2011,3,38,41,25.6,0.2,40,6499,28.2,93,336.2,An toàn
9,2011,4,63,66,38.1,0.13,45,1052,28.2,93,336.2,An toàn
9,2011,5,97,100,76.6,0.2,23,1446,28.2,93,336.2,Nguy cơ dịch
9,2011,6,29,32,19.7,0.03,17,177,28.2,93,336.2,An toàn
9,2011,7,17,20,12.0,0.1,20,274,28.2,93,336.2,An toàn
9,2011,8,29,32,31.6,0.13,25,160,28.2,93,336.2,An toàn
9,2011,9,107,110,52.0,0.03,40,170,28.2,93,336.2,An toàn
10,2011,1,127,130,104.3,0.23,30,2550,27.4,93,411,Nguy cơ dịch
10,2011,2,82,85,73.3,0.2,51,5704,27.4,93,411,Nguy cơ dịch
10,2011,3,28,31,25.6,0.27,33,6499,27.4,93,411,An toàn
10,2011,4,43,46,38.1,0.3,62,1052,27.4,93,411,An toàn
10,2011,5,67,70,76.6,0.33,27,1446,27.4,93,411,An toàn
10,2011,6,20,23,19.7,0.02,13,177,27.4,93,411,An toàn
10,2011,7,15,18,12.0,0.01,11,274,27.4,93,411,An toàn
10,2011,8,21,24,31.6,0,25,160,27.4,93,411,An toàn
10,2011,9,48,51,52.0,0.01,27,170,27.4,93,411,An toàn
11,2011,1,129,132,104.3,0.3,37,2550,27.3,91,202.4,Nguy cơ dịch
11,2011,2,84,87,73.3,0,40,5704,27.3,91,202.4,An toàn
11,2011,3,29,32,25.6,0.46,153,6499,27.3,91,202.4,An toàn
11,2011,4,37,40,38.1,0.33,73,1052,27.3,91,202.4,An toàn
11,2011,5,69,72,76.6,0.23,30,1446,27.3,91,202.4,An toàn
11,2011,6,24,27,19.7,0.02,20,177,27.3,91,202.4,An toàn
11,2011,7,15,18,12.0,0.01,17,274,27.3,91,202.4,An toàn
11,2011,8,14,17,31.6,0.02,25,160,27.3,91,202.4,An toàn
11,2011,9,45,48,52.0,0,15,170,27.3,91,202.4,An toàn
12,2011,1,99,102,104.3,0.3,62,2550,26.8,83,175.6,Nguy cơ dịch
12,2011,2,87,90,73.3,0.1,13,5704,26.8,83,175.6,An toàn
12,2011,3,19,22,25.6,0.1,47,6499,26.8,83,175.6,An toàn
12,2011,4,44,47,38.1,0.2,34,1052,26.8,83,175.6,An toàn
12,2011,5,58,61,76.6,0.2,35,1446,26.8,83,175.6,An toàn
12,2011,6,17,20,19.7,0.03,20,177,26.8,83,175.6,An toàn
12,2011,7,16,19,12.0,0.01,27,274,26.8,83,175.6,An toàn
12,2011,8,6,9,31.6,0.02,20,160,26.8,83,175.6,An toàn
12,2011,9,35,38,52.0,0.01,23,170,26.8,83,175.6,An toàn
1,2012,1,68,71,132.6,0.13,20,2117,25.9,78,55.1,An toàn
1,2012,2,40,43,71.7,0.3,27,5075,25.9,78,55.1,An toàn
1,2012,3,26,29,43.8,0.12,25,6143,25.9,78,55.1,An toàn
1,2012,4,35,38,61.6,0,7,578,25.9,78,55.1,An toàn
1,2012,5,42,45,68.2,0.2,30,425,25.9,78,55.1,An toàn
1,2012,6,7,10,40.1,0.17,10,162,25.9,78,55.1,An toàn
1,2012,7,18,21,35.2,0.11,22,135,25.9,78,55.1,An toàn
1,2012,8,10,13,22.3,0.23,25,132,25.9,78,55.1,An toàn
1,2012,9,38,41,101.8,0.3,32,197,25.9,78,55.1,An toàn
2,2012,1,76,79,132.6,0.1,30,2117,26.4,79,70.5,An toàn
2,2012,2,49,52,71.7,0.13,23,5075,26.4,79,70.5,An toàn
2,2012,3,23,26,43.8,0.15,23,6143,26.4,79,70.5,An toàn
2,2012,4,18,21,61.6,0.05,20,578,26.4,79,70.5,An toàn
2,2012,5,58,61,68.2,0.23,35,425,26.4,79,70.5,An toàn
2,2012,6,6,9,40.1,0.18,33,162,26.4,79,70.5,An toàn
2,2012,7,10,13,35.2,0.16,15,135,26.4,79,70.5,An toàn
2,2012,8,7,10,22.3,0.2,10,132,26.4,79,70.5,An toàn
2,2012,9,28,31,101.8,0.12,17,197,26.4,79,70.5,An toàn
3,2012,1,99,102,132.6,0.14,17,2117,27.7,75,101.9,An toàn
3,2012,2,48,51,71.7,0.2,13,5075,27.7,75,101.9,An toàn
3,2012,3,26,29,43.8,0.23,32,6143,27.7,75,101.9,An toàn
3,2012,4,36,39,61.6,0.12,18,578,27.7,75,101.9,An toàn
3,2012,5,26,29,68.2,0.3,40,425,27.7,75,101.9,An toàn
3,2012,6,8,11,40.1,0.22,16,162,27.7,75,101.9,An toàn
3,2012,7,13,16,35.2,0.07,20,135,27.7,75,101.9,An toàn
3,2012,8,4,7,22.3,0.13,9,132,27.7,75,101.9,An toàn
3,2012,9,39,42,101.8,0.11,15,197,27.7,75,101.9,An toàn
4,2012,1,69,72,132.6,0.09,27,2117,28,81,219.5,An toàn
4,2012,2,42,45,71.7,0.23,40,5075,28,81,219.5,An toàn
4,2012,3,24,27,43.8,0.2,23,6143,28,81,219.5,An toàn
4,2012,4,29,32,61.6,0.13,23,578,28,81,219.5,An toàn
4,2012,5,33,36,68.2,0.33,25,425,28,81,219.5,An toàn
4,2012,6,14,17,40.1,0.26,12,162,28,81,219.5,An toàn
4,2012,7,23,26,35.2,0.14,18,135,28,81,219.5,An toàn
4,2012,8,5,8,22.3,0.2,10,132,28,81,219.5,An toàn
4,2012,9,50,53,101.8,0.17,30,197,28,81,219.5,An toàn
5,2012,1,130,133,132.6,0.13,35,2117,28,83,202.2,An toàn
5,2012,2,48,51,71.7,0.2,36.6,5075,28,83,202.2,An toàn
5,2012,3,25,28,43.8,0.23,27,6143,28,83,202.2,An toàn
5,2012,4,43,46,61.6,0.1,30,578,28,83,202.2,An toàn
5,2012,5,107,110,68.2,0.3,46,425,28,83,202.2,Nguy cơ dịch
5,2012,6,26,29,40.1,0.2,20,162,28,83,202.2,An toàn
5,2012,7,68,71,35.2,0.16,36,135,28,83,202.2,An toàn
5,2012,8,28,31,22.3,0.09,15,132,28,83,202.2,An toàn
5,2012,9,124,127,101.8,0.2,33,197,28,83,202.2,Nguy cơ dịch
6,2012,1,178,181,132.6,0.3,42,2117,27.6,85,191.5,Nguy cơ dịch
6,2012,2,63,66,71.7,0.23,37,5075,27.6,85,191.5,An toàn
6,2012,3,55,58,43.8,0.33,30,6143,27.6,85,191.5,An toàn
6,2012,4,60,63,61.6,0.18,33,578,27.6,85,191.5,An toàn
6,2012,5,68,71,68.2,0.2,34,425,27.6,85,191.5,An toàn
6,2012,6,66,69,40.1,0.12,27,162,27.6,85,191.5,An toàn
6,2012,7,76,79,35.2,0.11,30,135,27.6,85,191.5,An toàn
6,2012,8,36,39,22.3,0.05,23,132,27.6,85,191.5,An toàn
6,2012,9,210,213,101.8,0.08,32,197,27.6,85,191.5,An toàn
7,2012,1,218,221,132.6,0.3,56,2117,27.1,85,317,Nguy cơ dịch
7,2012,2,82,85,71.7,0.13,27,5075,27.1,85,317,An toàn
7,2012,3,54,57,43.8,0.1,25,6143,27.1,85,317,An toàn
7,2012,4,109,112,61.6,0.23,30,578,27.1,85,317,Nguy cơ dịch
7,2012,5,117,120,68.2,0.2,35,425,27.1,85,317,Nguy cơ dịch
7,2012,6,66,69,40.1,0.15,30,162,27.1,85,317,An toàn
7,2012,7,58,61,35.2,0.12,23,135,27.1,85,317,An toàn
7,2012,8,53,56,22.3,0.2,32,132,27.1,85,317,An toàn
7,2012,9,268,271,101.8,0.4,42,197,27.1,85,317,Nguy cơ dịch
8,2012,1,226,229,132.6,0.3,35,2117,27.8,84,116.7,Nguy cơ dịch
8,2012,2,119,122,71.7,0.1,13,5075,27.8,84,116.7,An toàn
8,2012,3,55,58,43.8,0.09,30,6143,27.8,84,116.7,An toàn
8,2012,4,120,123,61.6,0.13,23,578,27.8,84,116.7,An toàn
8,2012,5,114,117,68.2,0.23,32,425,27.8,84,116.7,Nguy cơ dịch
8,2012,6,108,111,40.1,0.1,35,162,27.8,84,116.7,An toàn
8,2012,7,59,62,35.2,0.07,13,135,27.8,84,116.7,An toàn
8,2012,8,60,63,22.3,0.1,20,132,27.8,84,116.7,An toàn
8,2012,9,212,215,101.8,0.33,42,197,27.8,84,116.7,Nguy cơ dịch
9,2012,1,145,148,132.6,0.23,30,2117,26.4,89,449.8,Nguy cơ dịch
9,2012,2,74,77,71.7,0.3,67,5075,26.4,89,449.8,An toàn
9,2012,3,35,38,43.8,0.12,24,6143,26.4,89,449.8,An toàn
9,2012,4,61,64,61.6,0.1,23,578,26.4,89,449.8,An toàn
9,2012,5,60,63,68.2,0.17,30,425,26.4,89,449.8,An toàn
9,2012,6,81,84,40.1,0.09,33,162,26.4,89,449.8,An toàn
9,2012,7,34,37,35.2,0.07,32,135,26.4,89,449.8,An toàn
9,2012,8,26,29,22.3,0.11,20,132,26.4,89,449.8,An toàn
9,2012,9,100,103,101.8,0.2,35,197,26.4,89,449.8,Nguy cơ dịch
10,2012,1,125,128,132.6,0.23,37,2117,27.1,84,115.5,Nguy cơ dịch
10,2012,2,105,108,71.7,0.17,40,5075,27.1,84,115.5,An toàn
10,2012,3,64,67,43.8,0.23,30,6143,27.1,84,115.5,An toàn
10,2012,4,77,80,61.6,0.12,23,578,27.1,84,115.5,An toàn
10,2012,5,72,75,68.2,0.3,39,425,27.1,84,115.5,An toàn
10,2012,6,39,42,40.1,0.1,22,162,27.1,84,115.5,An toàn
10,2012,7,27,30,35.2,0.05,10,135,27.1,84,115.5,An toàn
10,2012,8,14,17,22.3,0.03,9,132,27.1,84,115.5,An toàn
10,2012,9,78,81,101.8,0.13,24,197,27.1,84,115.5,An toàn
11,2012,1,143,146,132.6,0.22,33,2117,27.1,84,114.7,Nguy cơ dịch
11,2012,2,100,103,71.7,0.13,37,5075,27.1,84,114.7,An toàn
11,2012,3,83,86,43.8,0.1,25,6143,27.1,84,114.7,An toàn
11,2012,4,78,81,61.6,0.13,20,578,27.1,84,114.7,An toàn
11,2012,5,71,74,68.2,0.19,34,425,27.1,84,114.7,An toàn
11,2012,6,38,41,40.1,0.2,30,162,27.1,84,114.7,An toàn
11,2012,7,21,24,35.2,0.1,15,135,27.1,84,114.7,An toàn
11,2012,8,17,20,22.3,0.03,13,132,27.1,84,114.7,An toàn
11,2012,9,47,50,101.8,0.2,19,197,27.1,84,114.7,An toàn
12,2012,1,114,117,132.6,0.33,47,2117,26.9,78,7.3,Nguy cơ dịch
12,2012,2,90,93,71.7,0.1,13,5075,26.9,78,7.3,An toàn
12,2012,3,56,59,43.8,0.22,26,6143,26.9,78,7.3,An toàn
12,2012,4,73,76,61.6,0.2,37,578,26.9,78,7.3,An toàn
12,2012,5,50,53,68.2,0.13,35,425,26.9,78,7.3,An toàn
12,2012,6,22,25,40.1,0.1,27,162,26.9,78,7.3,An toàn
12,2012,7,15,18,35.2,0.13,10,135,26.9,78,7.3,An toàn
12,2012,8,8,11,22.3,0.02,7,132,26.9,78,7.3,An toàn
12,2012,9,28,31,101.8,0.17,23,197,26.9,78,7.3,An toàn
1,2013,1,74,77,98.7,0.09,15,2234,26.5,78,16.8,An toàn
1,2013,2,48,51,79.7,0.03,10,5175,26.5,78,16.8,An toàn
1,2013,3,31,34,23.5,0.07,13,6343,26.5,78,16.8,An toàn
1,2013,4,35,38,24.9,0.1,20,610,26.5,78,16.8,An toàn
1,2013,5,40,43,37.1,0.07,26.6,789,26.5,78,16.8,An toàn
1,2013,6,5,8,9.7,0.03,5,171,26.5,78,16.8,An toàn
1,2013,7,3,6,7.6,0.05,9,178,26.5,78,16.8,An toàn
1,2013,8,4,7,6.8,0.02,10,152,26.5,78,16.8,An toàn
1,2013,9,12,15,8.6,0.12,23,155,26.5,78,16.8,An toàn
2,2013,1,35,38,98.7,0.17,30,2234,28.4,70,15.2,An toàn
2,2013,2,31,34,79.7,0.1,20,5175,28.4,70,15.2,An toàn
2,2013,3,14,17,23.5,0.09,13,6343,28.4,70,15.2,An toàn
2,2013,4,19,22,24.9,0.12,10,610,28.4,70,15.2,An toàn
2,2013,5,26,29,37.1,0.17,30,789,28.4,70,15.2,An toàn
2,2013,6,8,11,9.7,0.03,8,171,28.4,70,15.2,An toàn
2,2013,7,2,5,7.6,0.02,3,178,28.4,70,15.2,An toàn
2,2013,8,8,11,6.8,0.03,5,152,28.4,70,15.2,An toàn
2,2013,9,4,7,8.6,0.02,10,155,28.4,70,15.2,An toàn
3,2013,1,29,32,98.7,0.13,20,2234,27.8,74,14.6,An toàn
3,2013,2,28,31,79.7,0.1,23,5175,27.8,74,14.6,An toàn
3,2013,3,11,14,23.5,0.07,10,6343,27.8,74,14.6,An toàn
3,2013,4,19,22,24.9,0.1,17,610,27.8,74,14.6,An toàn
3,2013,5,12,15,37.1,0.2,33,789,27.8,74,14.6,An toàn
3,2013,6,5,8,9.7,0.03,8,171,27.8,74,14.6,An toàn
3,2013,7,1,4,7.6,0,3,178,27.8,74,14.6,An toàn
3,2013,8,3,6,6.8,0,5,152,27.8,74,14.6,An toàn
3,2013,9,3,6,8.6,0.03,3,155,27.8,74,14.6,An toàn
4,2013,1,18,21,98.7,0.12,13,2234,30.3,78,124,An toàn
4,2013,2,16,19,79.7,0.1,17,5175,30.3,78,124,An toàn
4,2013,3,6,9,23.5,0.03,7,6343,30.3,78,124,An toàn
4,2013,4,10,13,24.9,0.1,15,610,30.3,78,124,An toàn
4,2013,5,14,17,37.1,0.23,57,789,30.3,78,124,An toàn
4,2013,6,2,5,9.7,0.03,5,171,30.3,78,124,An toàn
4,2013,7,1,4,7.6,0,3,178,30.3,78,124,An toàn
4,2013,8,1,4,6.8,0,2,152,30.3,78,124,An toàn
4,2013,9,7,10,8.6,0.023,5,155,30.3,78,124,An toàn
5,2013,1,52,55,98.7,0.13,30,2234,29.5,85,242.4,An toàn
5,2013,2,15,18,79.7,0.07,17,5175,29.5,85,242.4,An toàn
5,2013,3,14,17,23.5,0.1,20,6343,29.5,85,242.4,An toàn
5,2013,4,9,12,24.9,0.05,7,610,29.5,85,242.4,An toàn
5,2013,5,16,19,37.1,0.1,13,789,29.5,85,242.4,An toàn
5,2013,6,5,8,9.7,0.05,11,171,29.5,85,242.4,An toàn
5,2013,7,3,6,7.6,0.02,10,178,29.5,85,242.4,An toàn
5,2013,8,1,4,6.8,0,3,152,29.5,85,242.4,An toàn
5,2013,9,3,6,8.6,0,5,155,29.5,85,242.4,An toàn
6,2013,1,85,88,98.7,0.23,37,2234,28.3,89,409.8,Nguy cơ dịch
6,2013,2,31,34,79.7,0.13,27,5175,28.3,89,409.8,An toàn
6,2013,3,19,22,23.5,0.05,13,6343,28.3,89,409.8,An toàn
6,2013,4,16,19,24.9,0.08,10,610,28.3,89,409.8,An toàn
6,2013,5,24,27,37.1,0.17,53,789,28.3,89,409.8,An toàn
6,2013,6,4,7,9.7,0.03,7,171,28.3,89,409.8,An toàn
6,2013,7,9,12,7.6,0.03,10,178,28.3,89,409.8,An toàn
6,2013,8,7,10,6.8,0.03,13,152,28.3,89,409.8,An toàn
6,2013,9,4,7,8.6,0.03,5,155,28.3,89,409.8,An toàn
7,2013,1,121,124,98.7,0.33,52,2234,27.1,91,215,Nguy cơ dịch
7,2013,2,65,68,79.7,0.1,23,5175,27.1,91,215,An toàn
7,2013,3,24,27,23.5,0.13,17,6343,27.1,91,215,An toàn
7,2013,4,29,32,24.9,0.17,30,610,27.1,91,215,An toàn
7,2013,5,42,45,37.1,0.23,37,789,27.1,91,215,An toàn
7,2013,6,9,12,9.7,0.07,5,171,27.1,91,215,An toàn
7,2013,7,12,15,7.6,0.03,10,178,27.1,91,215,An toàn
7,2013,8,8,11,6.8,0.03,9,152,27.1,91,215,An toàn
7,2013,9,12,15,8.6,0.05,17,155,27.1,91,215,An toàn
8,2013,1,153,156,98.7,0.27,33,2234,27.2,91,255.2,Nguy cơ dịch
8,2013,2,81,84,79.7,0.1,23,5175,27.2,91,255.2,An toàn
8,2013,3,30,33,23.5,0.13,20,6343,27.2,91,255.2,An toàn
8,2013,4,20,23,24.9,0.1,25,610,27.2,91,255.2,An toàn
8,2013,5,38,41,37.1,0.2,17,789,27.2,91,255.2,An toàn
8,2013,6,13,16,9.7,0.07,10,171,27.2,91,255.2,An toàn
8,2013,7,20,23,7.6,0.05,13,178,27.2,91,255.2,An toàn
8,2013,8,7,10,6.8,0.03,7,152,27.2,91,255.2,An toàn
8,2013,9,15,18,8.6,0.07,23,155,27.2,91,255.2,An toàn
9,2013,1,134,137,98.7,0.3,36,2234,26.7,92,277,Nguy cơ dịch
9,2013,2,109,112,79.7,0.1,27,5175,26.7,92,277,An toàn
9,2013,3,29,32,23.5,0.05,20,6343,26.7,92,277,An toàn
9,2013,4,33,36,24.9,0.13,32,610,26.7,92,277,An toàn
9,2013,5,48,51,37.1,0.17,27,789,26.7,92,277,An toàn
9,2013,6,14,17,9.7,0.03,10,171,26.7,92,277,An toàn
9,2013,7,12,15,7.6,0.05,13,178,26.7,92,277,An toàn
9,2013,8,9,12,6.8,0.02,9,152,26.7,92,277,An toàn
9,2013,9,19,22,8.6,0.1,20,155,26.7,92,277,An toàn
10,2013,1,156,159,98.7,0.3,63,2234,26.8,92,391.6,Nguy cơ dịch
10,2013,2,138,141,79.7,0.1,10,5175,26.8,92,391.6,An toàn
10,2013,3,23,26,23.5,0.13,20,6343,26.8,92,391.6,An toàn
10,2013,4,41,44,24.9,0.2,30,610,26.8,92,391.6,An toàn
10,2013,5,71,74,37.1,0.07,20,789,26.8,92,391.6,An toàn
10,2013,6,22,25,9.7,0.05,30,171,26.8,92,391.6,An toàn
10,2013,7,8,11,7.6,0.03,10,178,26.8,92,391.6,An toàn
10,2013,8,8,11,6.8,0.05,13,152,26.8,92,391.6,An toàn
10,2013,9,7,10,8.6,0.03,17,155,26.8,92,391.6,An toàn
11,2013,1,198,201,98.7,0.12,33,2234,27,87,116.2,An toàn
11,2013,2,201,204,79.7,0,7,5175,27,87,116.2,An toàn
11,2013,3,38,41,23.5,0.12,17,6343,27,87,116.2,An toàn
11,2013,4,38,41,24.9,0.13,20,610,27,87,116.2,An toàn
11,2013,5,74,77,37.1,0,20,789,27,87,116.2,An toàn
11,2013,6,14,17,9.7,0.03,18,171,27,87,116.2,An toàn
11,2013,7,11,14,7.6,0.03,20,178,27,87,116.2,An toàn
11,2013,8,17,20,6.8,0.05,10,152,27,87,116.2,An toàn
11,2013,9,8,11,8.6,0.02,10,155,27,87,116.2,An toàn
12,2013,1,129,132,98.7,0.17,33,2234,25.3,84,59.2,An toàn
12,2013,2,193,196,79.7,0.1,20,5175,25.3,84,59.2,An toàn
12,2013,3,43,46,23.5,0.3,32,6343,25.3,84,59.2,An toàn
12,2013,4,30,33,24.9,0.05,17,610,25.3,84,59.2,An toàn
12,2013,5,40,43,37.1,0.03,13,789,25.3,84,59.2,An toàn
12,2013,6,15,18,9.7,0.02,15,171,25.3,84,59.2,An toàn
12,2013,7,9,12,7.6,0.03,7,178,25.3,84,59.2,An toàn
12,2013,8,8,11,6.8,0.02,10,152,25.3,84,59.2,An toàn
12,2013,9,9,12,8.6,0,13,155,25.3,84,59.2,An toàn
1,2014,1,95,98,90.3,0.17,34,2328,24.7,76,9.6,An toàn
1,2014,2,99,102,69.6,0.03,10,5417,24.7,76,9.6,An toàn
1,2014,3,22,25,32.4,0.09,20,6465,24.7,76,9.6,An toàn
1,2014,4,33,36,28.3,0.11,26,887,24.7,76,9.6,An toàn
1,2014,5,41,44,37.3,0.07,27,1009,24.7,76,9.6,An toàn
1,2014,6,6,9,22.9,0,7,171,24.7,76,9.6,An toàn
1,2014,7,7,10,3.3,0.03,13,242,24.7,76,9.6,An toàn
1,2014,8,9,12,4.1,0.02,10,152,24.7,76,9.6,An toàn
1,2014,9,2,5,5.1,0,11,163,24.7,76,9.6,An toàn
2,2014,1,58,61,90.3,0.07,28,2328,25.9,78,3.4,An toàn
2,2014,2,49,52,69.6,0.1,20,5417,25.9,78,3.4,An toàn
2,2014,3,19,22,32.4,0.09,45,6465,25.9,78,3.4,An toàn
2,2014,4,24,27,28.3,0.1,33,887,25.9,78,3.4,An toàn
2,2014,5,19,22,37.3,0.17,30,1009,25.9,78,3.4,An toàn
2,2014,6,8,11,22.9,0.03,10,171,25.9,78,3.4,An toàn
2,2014,7,3,6,3.3,0.02,3,242,25.9,78,3.4,An toàn
2,2014,8,1,4,4.1,0,1,152,25.9,78,3.4,An toàn
2,2014,9,0,3,5.1,0,0,163,25.9,78,3.4,An toàn
3,2014,1,50,53,90.3,0.1,30,2328,28.5,73,14.2,An toàn
3,2014,2,27,30,69.6,0.1,23,5417,28.5,73,14.2,An toàn
3,2014,3,4,7,32.4,0.03,10,6465,28.5,73,14.2,An toàn
3,2014,4,25,28,28.3,0.23,15,887,28.5,73,14.2,An toàn
3,2014,5,24,27,37.3,0.2,33,1009,28.5,73,14.2,An toàn
3,2014,6,4,7,22.9,0.03,5,171,28.5,73,14.2,An toàn
3,2014,7,1,4,3.3,0,10,242,28.5,73,14.2,An toàn
3,2014,8,3,6,4.1,0.05,7,152,28.5,73,14.2,An toàn
3,2014,9,1,4,5.1,0.01,10,163,28.5,73,14.2,An toàn
4,2014,1,38,41,90.3,0.03,30,2328,29,82,162,An toàn
4,2014,2,25,28,69.6,0.1,17,5417,29,82,162,An toàn
4,2014,3,6,9,32.4,0.02,10,6465,29,82,162,An toàn
4,2014,4,7,10,28.3,0.013,25,887,29,82,162,An toàn
4,2014,5,23,26,37.3,0.23,57,1009,29,82,162,An toàn
4,2014,6,1,4,22.9,0.03,17,171,29,82,162,An toàn
4,2014,7,1,4,3.3,0.02,10,242,29,82,162,An toàn
4,2014,8,1,4,4.1,0.02,13,152,29,82,162,An toàn
4,2014,9,0,3,5.1,0,0,163,29,82,162,An toàn
5,2014,1,45,48,90.3,0.13,25,2328,29.2,86,312.6,An toàn
5,2014,2,37,40,69.6,0.07,17,5417,29.2,86,312.6,An toàn
5,2014,3,5,8,32.4,0.01,17,6465,29.2,86,312.6,An toàn
5,2014,4,19,22,28.3,0.03,15,887,29.2,86,312.6,An toàn
5,2014,5,25,28,37.3,0.1,33,1009,29.2,86,312.6,An toàn
5,2014,6,7,10,22.9,0.02,13,171,29.2,86,312.6,An toàn
5,2014,7,0,3,3.3,0,3,242,29.2,86,312.6,An toàn
5,2014,8,1,4,4.1,0.01,3,152,29.2,86,312.6,An toàn
5,2014,9,2,5,5.1,0.01,5,163,29.2,86,312.6,An toàn
6,2014,1,50,53,90.3,0.2,27,2328,27.5,92,340.2,An toàn
6,2014,2,16,19,69.6,0.13,27,5417,27.5,92,340.2,An toàn
6,2014,3,7,10,32.4,0.1,23,6465,27.5,92,340.2,An toàn
6,2014,4,12,15,28.3,0.02,10,887,27.5,92,340.2,An toàn
6,2014,5,18,21,37.3,0.13,53,1009,27.5,92,340.2,An toàn
6,2014,6,29,32,22.9,0.2,30,171,27.5,92,340.2,An toàn
6,2014,7,2,5,3.3,0.01,10,242,27.5,92,340.2,An toàn
6,2014,8,2,5,4.1,0.03,5,152,27.5,92,340.2,An toàn
6,2014,9,3,6,5.1,0.03,7,163,27.5,92,340.2,An toàn
7,2014,1,87,90,90.3,0.13,28,2328,26.8,93,667.8,An toàn
7,2014,2,35,38,69.6,0.1,23,5417,26.8,93,667.8,An toàn
7,2014,3,32,35,32.4,0.03,43,6465,26.8,93,667.8,An toàn
7,2014,4,22,25,28.3,0.17,45,887,26.8,93,667.8,An toàn
7,2014,5,29,32,37.3,0.23,37,1009,26.8,93,667.8,An toàn
7,2014,6,28,31,22.9,0.13,30,171,26.8,93,667.8,An toàn
7,2014,7,2,5,3.3,0.01,10,242,26.8,93,667.8,An toàn
7,2014,8,3,6,4.1,0.02,7,152,26.8,93,667.8,An toàn
7,2014,9,5,8,5.1,0.01,3,163,26.8,93,667.8,An toàn
8,2014,1,136,139,90.3,0.23,56,2328,27.6,90,250.8,Nguy cơ dịch
8,2014,2,95,98,69.6,0.13,30,5417,27.6,90,250.8,An toàn
8,2014,3,44,47,32.4,0.2,33,6465,27.6,90,250.8,An toàn
8,2014,4,31,34,28.3,0.17,20,887,27.6,90,250.8,An toàn
8,2014,5,47,50,37.3,0.2,17,1009,27.6,90,250.8,An toàn
8,2014,6,87,90,22.9,0.1,37,171,27.6,90,250.8,An toàn
8,2014,7,5,8,3.3,0.03,10,242,27.6,90,250.8,An toàn
8,2014,8,5,8,4.1,0.01,7,152,27.6,90,250.8,An toàn
8,2014,9,13,16,5.1,0.03,15,163,27.6,90,250.8,An toàn
9,2014,1,151,154,90.3,0.2,45,2328,27.2,92,293,Nguy cơ dịch
9,2014,2,96,99,69.6,0.1,27,5417,27.2,92,293,An toàn
9,2014,3,39,42,32.4,0.03,20,6465,27.2,92,293,An toàn
9,2014,4,34,37,28.3,0.12,25,887,27.2,92,293,An toàn
9,2014,5,50,53,37.3,0.17,27,1009,27.2,92,293,An toàn
9,2014,6,45,48,22.9,0.19,27,171,27.2,92,293,An toàn
9,2014,7,4,7,3.3,0.03,7,242,27.2,92,293,An toàn
9,2014,8,3,6,4.1,0.02,10,152,27.2,92,293,An toàn
9,2014,9,8,11,5.1,0.01,15,163,27.2,92,293,An toàn
10,2014,1,141,144,90.3,0.3,27,2328,27.2,90,128,Nguy cơ dịch
10,2014,2,105,108,69.6,0.1,10,5417,27.2,90,128,An toàn
10,2014,3,52,55,32.4,0.13,23,6465,27.2,90,128,An toàn
10,2014,4,33,36,28.3,0.17,27,887,27.2,90,128,An toàn
10,2014,5,43,46,37.3,0.07,20,1009,27.2,90,128,An toàn
10,2014,6,31,34,22.9,0.09,30,171,27.2,90,128,An toàn
10,2014,7,6,9,3.3,0.02,10,242,27.2,90,128,An toàn
10,2014,8,10,13,4.1,0.03,15,152,27.2,90,128,An toàn
10,2014,9,3,6,5.1,0.03,5,163,27.2,90,128,An toàn
11,2014,1,123,126,90.3,0.33,30,2328,27.5,85,92.6,Nguy cơ dịch
11,2014,2,121,124,69.6,0,6.67,5417,27.5,85,92.6,An toàn
11,2014,3,68,71,32.4,0.05,40,6465,27.5,85,92.6,An toàn
11,2014,4,58,61,28.3,0.13,23,887,27.5,85,92.6,An toàn
11,2014,5,70,73,37.3,0,26.6,1009,27.5,85,92.6,An toàn
11,2014,6,18,21,22.9,0.03,53,171,27.5,85,92.6,An toàn
11,2014,7,5,8,3.3,0,6.5,242,27.5,85,92.6,An toàn
11,2014,8,7,10,4.1,0.02,7.6,152,27.5,85,92.6,An toàn
11,2014,9,13,16,5.1,0.03,9,163,27.5,85,92.6,An toàn
12,2014,1,109,112,90.3,0.23,32,2328,26.7,82,21.6,Nguy cơ dịch
12,2014,2,130,133,69.6,0.1,20,5417,26.7,82,21.6,An toàn
12,2014,3,91,94,32.4,0.3,33,6465,26.7,82,21.6,Nguy cơ dịch
12,2014,4,42,45,28.3,0.03,17,887,26.7,82,21.6,An toàn
12,2014,5,58,61,37.3,0.03,13.3,1009,26.7,82,21.6,An toàn
12,2014,6,11,14,22.9,0.07,17,171,26.7,82,21.6,An toàn
12,2014,7,4,7,3.3,0.02,5,242,26.7,82,21.6,An toàn
12,2014,8,4,7,4.1,0.03,7,152,26.7,82,21.6,An toàn
12,2014,9,11,14,5.1,0.03,10,163,26.7,82,21.6,An toàn
1,2015,1,94,97,148.9,0.15,33,2390,25.3,80,0.6,An toàn
1,2015,2,110,113,133.5,0.1,20,5689,25.3,80,0.6,An toàn
1,2015,3,75,78,145.3,0.2,25,6568,25.3,80,0.6,An toàn
1,2015,4,35,38,48.8,0.07,17,957,25.3,80,0.6,An toàn
1,2015,5,41,44,69.3,0.03,13.33,1072,25.3,80,0.6,An toàn
1,2015,6,16,19,29.9,0.02,23,175,25.3,80,0.6,An toàn
1,2015,7,4,7,13.9,0,15,252,25.3,80,0.6,An toàn
1,2015,8,3,6,15.7,0.01,11,156,25.3,80,0.6,An toàn
1,2015,9,3,6,27.3,0.02,19,165,25.3,80,0.6,An toàn
2,2015,1,38,41,148.9,0.06,32,2390,25.9,77,1.2,An toàn
2,2015,2,32,35,133.5,0.1,20,5689,25.9,77,1.2,An toàn
2,2015,3,38,41,145.3,0.25,30,6568,25.9,77,1.2,An toàn
2,2015,4,19,22,48.8,0.09,13,957,25.9,77,1.2,An toàn
2,2015,5,14,17,69.3,0,0,1072,25.9,77,1.2,An toàn
2,2015,6,4,7,29.9,0,8,175,25.9,77,1.2,An toàn
2,2015,7,3,6,13.9,0.014,7,252,25.9,77,1.2,An toàn
2,2015,8,3,6,15.7,0.03,26,156,25.9,77,1.2,An toàn
2,2015,9,0,3,27.3,0,5,165,25.9,77,1.2,An toàn
3,2015,1,31,34,148.9,0.13,34,2390,28.3,75,4.3,An toàn
3,2015,2,30,33,133.5,0,10,5689,28.3,75,4.3,An toàn
3,2015,3,15,18,145.3,0.07,25,6568,28.3,75,4.3,An toàn
3,2015,4,12,15,48.8,0.15,27,957,28.3,75,4.3,An toàn
3,2015,5,17,20,69.3,0,7,1072,28.3,75,4.3,An toàn
3,2015,6,9,12,29.9,0.02,12,175,28.3,75,4.3,An toàn
3,2015,7,5,8,13.9,0.3,17,252,28.3,75,4.3,An toàn
3,2015,8,2,5,15.7,0.09,13,156,28.3,75,4.3,An toàn
3,2015,9,4,7,27.3,0.01,5,165,28.3,75,4.3,An toàn
4,2015,1,29,32,148.9,0.32,43,2390,29.1,79,135.4,An toàn
4,2015,2,27,30,133.5,0.07,13,5689,29.1,79,135.4,An toàn
4,2015,3,21,24,145.3,0.23,36,6568,29.1,79,135.4,An toàn
4,2015,4,7,10,48.8,0.02,11,957,29.1,79,135.4,An toàn
4,2015,5,22,25,69.3,0,30,1072,29.1,79,135.4,An toàn
4,2015,6,10,13,29.9,0,3,175,29.1,79,135.4,An toàn
4,2015,7,1,4,13.9,0.012,4,252,29.1,79,135.4,An toàn
4,2015,8,1,4,15.7,0,0,156,29.1,79,135.4,An toàn
4,2015,9,1,4,27.3,0,13,165,29.1,79,135.4,An toàn
5,2015,1,30,33,148.9,0.35,29,2390,29.7,84,123.6,An toàn
5,2015,2,27,30,133.5,0.07,13.33,5689,29.7,84,123.6,An toàn
5,2015,3,21,24,145.3,0.05,25,6568,29.7,84,123.6,An toàn
5,2015,4,12,15,48.8,0.06,21,957,29.7,84,123.6,An toàn
5,2015,5,15,18,69.3,0.07,30,1072,29.7,84,123.6,An toàn
5,2015,6,8,11,29.9,0.12,17,175,29.7,84,123.6,An toàn
5,2015,7,1,4,13.9,0,11,252,29.7,84,123.6,An toàn
5,2015,8,8,11,15.7,0.05,21,156,29.7,84,123.6,An toàn
5,2015,9,6,9,27.3,0.07,23,165,29.7,84,123.6,An toàn
6,2015,1,24,27,148.9,0.2,19,2390,27.9,90,369.2,An toàn
6,2015,2,30,33,133.5,0.07,26.67,5689,27.9,90,369.2,An toàn
6,2015,3,63,66,145.3,0.33,46,6568,27.9,90,369.2,An toàn
6,2015,4,14,17,48.8,0.13,27,957,27.9,90,369.2,An toàn
6,2015,5,25,28,69.3,0.03,23.33,1072,27.9,90,369.2,An toàn
6,2015,6,16,19,29.9,0.1,20,175,27.9,90,369.2,An toàn
6,2015,7,6,9,13.9,0.07,15,252,27.9,90,369.2,An toàn
6,2015,8,0,3,15.7,0,5,156,27.9,90,369.2,An toàn
6,2015,9,13,16,27.3,0.02,17,165,27.9,90,369.2,An toàn
7,2015,1,81,84,148.9,0.23,43.6,2390,27.6,92,313.6,Nguy cơ dịch
7,2015,2,68,71,133.5,0.07,46.67,5689,27.6,92,313.6,An toàn
7,2015,3,162,165,145.3,0.36,53,6568,27.6,92,313.6,Nguy cơ dịch
7,2015,4,13,16,48.8,0.01,11,957,27.6,92,313.6,An toàn
7,2015,5,43,46,69.3,0.07,16.67,1072,27.6,92,313.6,An toàn
7,2015,6,59,62,29.9,0.23,31,175,27.6,92,313.6,An toàn
7,2015,7,7,10,13.9,0.02,14,252,27.6,92,313.6,An toàn
7,2015,8,10,13,15.7,0.03,21,156,27.6,92,313.6,An toàn
7,2015,9,32,35,27.3,0.3,42,165,27.6,92,313.6,An toàn
8,2015,1,219,222,148.9,0.3,57.3,2390,27.6,92,313.6,Nguy cơ dịch
8,2015,2,193,196,133.5,0.28,67,5689,27.9,91,236.6,Nguy cơ dịch
8,2015,3,213,216,145.3,0.23,37,6568,27.9,91,236.6,Nguy cơ dịch
8,2015,4,56,59,48.8,0.2,43,957,27.9,91,236.6,An toàn
8,2015,5,89,92,69.3,0,50,1072,27.9,91,236.6,An toàn
8,2015,6,68,71,29.9,0.07,32,175,27.9,91,236.6,An toàn
8,2015,7,25,28,13.9,0.03,17,252,27.9,91,236.6,An toàn
8,2015,8,15,18,15.7,0.01,23,156,27.9,91,236.6,An toàn
8,2015,9,87,90,27.3,0.05,41,165,27.9,91,236.6,An toàn
9,2015,1,303,306,148.9,0.06,35,2390,27.7,91,489.6,An toàn
9,2015,2,297,300,133.5,0.06,23,5689,27.7,91,489.6,An toàn
9,2015,3,287,290,145.3,0.32,52,6568,27.7,91,489.6,Nguy cơ dịch
9,2015,4,91,94,48.8,0.02,34,957,27.7,91,489.6,An toàn
9,2015,5,100,103,69.3,0.06,20,1072,27.7,91,489.6,An toàn
9,2015,6,75,78,29.9,0,25,175,27.7,91,489.6,An toàn
9,2015,7,43,46,13.9,0.03,27,252,27.7,91,489.6,An toàn
9,2015,8,39,42,15.7,0.03,13,156,27.7,91,489.6,An toàn
9,2015,9,96,99,27.3,0.1,36,165,27.7,91,489.6,An toàn
10,2015,1,272,275,148.9,0.23,74,2390,27.8,90,196.8,Nguy cơ dịch
10,2015,2,280,283,133.5,0.07,50,5689,27.8,90,196.8,An toàn
10,2015,3,286,289,145.3,0.33,64,6568,27.8,90,196.8,Nguy cơ dịch
10,2015,4,93,96,48.8,0.03,29,957,27.8,90,196.8,An toàn
10,2015,5,125,128,69.3,0.07,26.67,1072,27.8,90,196.8,An toàn
10,2015,6,35,38,29.9,0.03,43,175,27.8,90,196.8,An toàn
10,2015,7,27,30,13.9,0.01,41,252,27.8,90,196.8,An toàn
10,2015,8,39,42,15.7,0.2,15,156,27.8,90,196.8,An toàn
10,2015,9,46,49,27.3,0.07,26,165,27.8,90,196.8,An toàn
11,2015,1,305,308,148.9,0.37,58,2390,27.7,89,197.6,Nguy cơ dịch
11,2015,2,268,271,133.5,0.4,23.33,5689,27.7,89,197.6,Nguy cơ dịch
11,2015,3,290,293,145.3,0.37,40,6568,27.7,89,197.6,Nguy cơ dịch
11,2015,4,132,135,48.8,0.13,30,957,27.7,89,197.6,An toàn
11,2015,5,166,169,69.3,0,50,1072,27.7,89,197.6,An toàn
11,2015,6,31,34,29.9,0,24,175,27.7,89,197.6,An toàn
11,2015,7,16,19,13.9,0.33,53,252,27.7,89,197.6,An toàn
11,2015,8,33,36,15.7,0,17,156,27.7,89,197.6,An toàn
11,2015,9,26,29,27.3,0.2,13,165,27.7,89,197.6,An toàn
12,2015,1,361,364,148.9,0.32,83,2390,27.3,84,40.2,Nguy cơ dịch
12,2015,2,240,243,133.5,0,86.67,5689,27.3,84,40.2,An toàn
12,2015,3,272,275,145.3,0.23,41,6568,27.3,84,40.2,Nguy cơ dịch
12,2015,4,102,105,48.8,0,33,957,27.3,84,40.2,An toàn
12,2015,5,174,177,69.3,0.1,20,1072,27.3,84,40.2,An toàn
12,2015,6,28,31,29.9,0.12,21,175,27.3,84,40.2,An toàn
12,2015,7,29,32,13.9,0,13,252,27.3,84,40.2,An toàn
12,2015,8,35,38,15.7,0.2,43,156,27.3,84,40.2,An toàn
12,2015,9,14,17,27.3,0.1,20,165,27.3,84,40.2,An toàn
1,2016,1,255,258,107.3,0.23,50,2503,27.8,80,19.8,Nguy cơ dịch
1,2016,2,193,196,95.8,0.1,23,5617,27.8,80,19.8,An toàn
1,2016,3,129,132,53.0,0.1,10,6509,27.8,80,19.8,An toàn
1,2016,4,62,65,43.8,0,17,987,27.8,80,19.8,An toàn
1,2016,5,131,134,52.2,0.2,35,1239,27.8,80,19.8,Nguy cơ dịch
1,2016,6,18,21,35.6,0.1,21,175,27.8,80,19.8,An toàn
1,2016,7,17,20,10.9,0,7,262,27.8,80,19.8,An toàn
1,2016,8,26,29,14.5,0.13,23,158,27.8,80,19.8,An toàn
1,2016,9,15,18,10.3,0.1,43,168,27.8,80,19.8,An toàn
2,2016,1,70,73,107.3,0.3,27,2503,27.3,70,4.7,An toàn
2,2016,2,73,76,95.8,0.07,7,5617,27.3,70,4.7,An toàn
2,2016,3,31,34,53.0,0.07,23,6509,27.3,70,4.7,An toàn
2,2016,4,16,19,43.8,0.03,25,987,27.3,70,4.7,An toàn
2,2016,5,38,41,52.2,0.03,29,1239,27.3,70,4.7,An toàn
2,2016,6,7,10,35.6,0,11,175,27.3,70,4.7,An toàn
2,2016,7,6,9,10.9,0.3,26,262,27.3,70,4.7,An toàn
2,2016,8,6,9,14.5,0,15,158,27.3,70,4.7,An toàn
2,2016,9,8,11,10.3,0,12,168,27.3,70,4.7,An toàn
3,2016,1,40,43,107.3,0.2,28,2503,28.5,76,8.2,An toàn
3,2016,2,41,44,95.8,0.13,10,5617,28.5,76,8.2,An toàn
3,2016,3,31,34,53.0,0.07,17,6509,28.5,76,8.2,An toàn
3,2016,4,17,20,43.8,0.01,14,987,28.5,76,8.2,An toàn
3,2016,5,27,30,52.2,0.2,20,1239,28.5,76,8.2,An toàn
3,2016,6,8,11,35.6,0.03,23,175,28.5,76,8.2,An toàn
3,2016,7,1,4,10.9,0,7,262,28.5,76,8.2,An toàn
3,2016,8,2,5,14.5,0,15,158,28.5,76,8.2,An toàn
3,2016,9,3,6,10.3,0.12,13,168,28.5,76,8.2,An toàn
4,2016,1,33,36,107.3,0.2,22,2503,30.5,76,8.4,An toàn
4,2016,2,57,60,95.8,0.06,10,5617,30.5,76,8.4,An toàn
4,2016,3,34,37,53.0,0.13,27,6509,30.5,76,8.4,An toàn
4,2016,4,11,14,43.8,0.01,11,987,30.5,76,8.4,An toàn
4,2016,5,17,20,52.2,0.03,20,1239,30.5,76,8.4,An toàn
4,2016,6,13,16,35.6,0.02,25,175,30.5,76,8.4,An toàn
4,2016,7,3,6,10.9,0,17,262,30.5,76,8.4,An toàn
4,2016,8,6,9,14.5,0.01,3,158,30.5,76,8.4,An toàn
4,2016,9,2,5,10.3,0.03,23,168,30.5,76,8.4,An toàn
5,2016,1,27,30,107.3,0.023,12,2503,30.2,84,169.8,An toàn
5,2016,2,48,51,95.8,0.1,10,5617,30.2,84,169.8,An toàn
5,2016,3,25,28,53.0,0.13,20,6509,30.2,84,169.8,An toàn
5,2016,4,17,20,43.8,0.12,33,987,30.2,84,169.8,An toàn
5,2016,5,26,29,52.2,0,21,1239,30.2,84,169.8,An toàn
5,2016,6,17,20,35.6,0.03,46,175,30.2,84,169.8,An toàn
5,2016,7,2,5,10.9,0.02,11,262,30.2,84,169.8,An toàn
5,2016,8,9,12,14.5,0,25,158,30.2,84,169.8,An toàn
5,2016,9,2,5,10.3,0.03,23,168,30.2,84,169.8,An toàn
6,2016,1,37,40,107.3,0.1,20,2503,28.1,92,359.2,An toàn
6,2016,2,53,56,95.8,0.04,30,5617,28.1,92,359.2,An toàn
6,2016,3,23,26,53.0,0.2,37,6509,28.1,92,359.2,An toàn
6,2016,4,17,20,43.8,0.02,33,987,28.1,92,359.2,An toàn
6,2016,5,24,27,52.2,0.03,13,1239,28.1,92,359.2,An toàn
6,2016,6,9,12,35.6,0,15,175,28.1,92,359.2,An toàn
6,2016,7,6,9,10.9,0.02,13,262,28.1,92,359.2,An toàn
6,2016,8,4,7,14.5,0.01,17,158,28.1,92,359.2,An toàn
6,2016,9,4,7,10.3,0.01,13,168,28.1,92,359.2,An toàn
7,2016,1,74,77,107.3,0.3,23,2503,27.6,92,214,An toàn
7,2016,2,46,49,95.8,0.1,30,5617,27.6,92,214,An toàn
7,2016,3,17,20,53.0,0.2,33,6509,27.6,92,214,An toàn
7,2016,4,42,45,43.8,0.07,30,987,27.6,92,214,An toàn
7,2016,5,40,43,52.2,0.2,15,1239,27.6,92,214,An toàn
7,2016,6,54,57,35.6,0.3,25,175,27.6,92,214,An toàn
7,2016,7,8,11,10.9,0,13,262,27.6,92,214,An toàn
7,2016,8,33,36,14.5,0.33,46,158,27.6,92,214,An toàn
7,2016,9,8,11,10.3,0.03,17,168,27.6,92,214,An toàn
8,2016,1,113,116,107.3,0.33,63,2503,27.7,94,251.8,Nguy cơ dịch
8,2016,2,78,81,95.8,0.1,80,5617,27.7,94,251.8,An toàn
8,2016,3,49,52,53.0,0.1,17,6509,27.7,94,251.8,An toàn
8,2016,4,70,73,43.8,0.2,20,987,27.7,94,251.8,An toàn
8,2016,5,63,66,52.2,0.23,41,1239,27.7,94,251.8,An toàn
8,2016,6,94,97,35.6,0.13,30,175,27.7,94,251.8,An toàn
8,2016,7,21,24,10.9,0.01,23,262,27.7,94,251.8,An toàn
8,2016,8,17,20,14.5,0,20,158,27.7,94,251.8,An toàn
8,2016,9,19,22,10.3,0.02,23,168,27.7,94,251.8,An toàn
9,2016,1,150,153,107.3,0.34,76,2503,27.3,94,741.6,Nguy cơ dịch
9,2016,2,105,108,95.8,0,63,5617,27.3,94,741.6,An toàn
9,2016,3,73,76,53.0,0.13,100,6509,27.3,94,741.6,An toàn
9,2016,4,66,69,43.8,0.2,72,987,27.3,94,741.6,An toàn
9,2016,5,69,72,52.2,0.23,47,1239,27.3,94,741.6,An toàn
9,2016,6,66,69,35.6,0.3,27,175,27.3,94,741.6,An toàn
9,2016,7,35,38,10.9,0.01,25,262,27.3,94,741.6,An toàn
9,2016,8,28,31,14.5,0.02,30,158,27.3,94,741.6,An toàn
9,2016,9,20,23,10.3,0.01,15,168,27.3,94,741.6,An toàn
10,2016,1,170,173,107.3,0.33,37,2503,26.9,96,391.2,Nguy cơ dịch
10,2016,2,147,150,95.8,0.13,37,5617,26.9,96,391.2,An toàn
10,2016,3,67,70,53.0,0.6,70,6509,26.9,96,391.2,An toàn
10,2016,4,74,77,43.8,0.33,45,987,26.9,96,391.2,An toàn
10,2016,5,62,65,52.2,0.23,30,1239,26.9,96,391.2,An toàn
10,2016,6,50,53,35.6,0.03,21,175,26.9,96,391.2,An toàn
10,2016,7,15,18,10.9,0.01,23,262,26.9,96,391.2,An toàn
10,2016,8,14,17,14.5,0.02,25,158,26.9,96,391.2,An toàn
10,2016,9,13,16,10.3,0.01,20,168,26.9,96,391.2,An toàn
11,2016,1,186,189,107.3,0.35,78,2503,27.5,91,301.6,Nguy cơ dịch
11,2016,2,157,160,95.8,0.06,67,5617,27.5,91,301.6,An toàn
11,2016,3,79,82,53.0,0.37,17,6509,27.5,91,301.6,An toàn
11,2016,4,56,59,43.8,0.23,37,987,27.5,91,301.6,An toàn
11,2016,5,67,70,52.2,0.2,43,1239,27.5,91,301.6,An toàn
11,2016,6,43,46,35.6,0,25,175,27.5,91,301.6,An toàn
11,2016,7,6,9,10.9,0.1,34,262,27.5,91,301.6,An toàn
11,2016,8,14,17,14.5,0.03,20,158,27.5,91,301.6,An toàn
11,2016,9,14,17,10.3,0.01,23,168,27.5,91,301.6,An toàn
12,2016,1,133,136,107.3,0.3,36,2503,26.5,90,26.4,Nguy cơ dịch
12,2016,2,151,154,95.8,0.2,13,5617,26.5,90,26.4,Nguy cơ dịch
12,2016,3,78,81,53.0,0.33,20,6509,26.5,90,26.4,An toàn
12,2016,4,78,81,43.8,0.2,41,987,26.5,90,26.4,An toàn
12,2016,5,62,65,52.2,0.3,23,1239,26.5,90,26.4,An toàn
12,2016,6,48,51,35.6,0.15,25,175,26.5,90,26.4,An toàn
12,2016,7,11,14,10.9,0.1,20,262,26.5,90,26.4,An toàn
12,2016,8,15,18,14.5,0.2,35,158,26.5,90,26.4,An toàn
12,2016,9,15,18,10.3,0.1,27,168,26.5,90,26.4,An toàn
1,2017,1,164,167,156.2,0.23,56,2550,27.1,84,32,Nguy cơ dịch
1,2017,2,220,223,334.8,0.15,13,5704,27.1,84,32,An toàn
1,2017,3,114,117,164.5,0.03,53,6499,27.1,84,32,An toàn
1,2017,4,75,78,114.9,0.1,31,1052,27.1,84,32,An toàn
1,2017,5,57,60,81.0,0.3,37,1446,27.1,84,32,An toàn
1,2017,6,40,43,37.3,0.23,43,177,27.1,84,32,An toàn
1,2017,7,9,12,19.9,0,7,274,27.1,84,32,An toàn
1,2017,8,11,14,10.8,0.01,20,160,27.1,84,32,An toàn
1,2017,9,10,13,17.2,0.02,11,170,27.1,84,32,An toàn
2,2017,1,77,80,156.2,0.27,55,2550,28,82,140.6,An toàn
2,2017,2,212,215,334.8,0.07,10,5704,28,82,140.6,An toàn
2,2017,3,66,69,164.5,0.1,27,6499,28,82,140.6,An toàn
2,2017,4,66,69,114.9,0.3,34,1052,28,82,140.6,An toàn
2,2017,5,52,55,81.0,0.23,23,1446,28,82,140.6,An toàn
2,2017,6,27,30,37.3,0.03,43,177,28,82,140.6,An toàn
2,2017,7,8,11,19.9,0.02,15,274,28,82,140.6,An toàn
2,2017,8,8,11,10.8,0.01,11,160,28,82,140.6,An toàn
2,2017,9,11,14,17.2,0.01,21,170,28,82,140.6,An toàn
3,2017,1,74,77,156.2,0.23,33,2550,28.1,81,28,An toàn
3,2017,2,149,152,334.8,0.2,17,5704,28.1,81,28,Nguy cơ dịch
3,2017,3,60,63,164.5,0.27,33,6499,28.1,81,28,An toàn
3,2017,4,83,86,114.9,0.33,37,1052,28.1,81,28,Nguy cơ dịch
3,2017,5,37,40,81.0,0.03,27,1446,28.1,81,28,An toàn
3,2017,6,13,16,37.3,0.03,25,177,28.1,81,28,An toàn
3,2017,7,21,24,19.9,0.01,15,274,28.1,81,28,An toàn
3,2017,8,4,7,10.8,0,7,160,28.1,81,28,An toàn
3,2017,9,3,6,17.2,0,13,170,28.1,81,28,An toàn
4,2017,1,89,92,156.2,0.2,30,2550,28.9,86,166.8,Nguy cơ dịch
4,2017,2,113,116,334.8,0.07,33,5704,28.9,86,166.8,An toàn
4,2017,3,53,56,164.5,0.1,7,6499,28.9,86,166.8,An toàn
4,2017,4,55,58,114.9,0.03,33,1052,28.9,86,166.8,An toàn
4,2017,5,29,32,81.0,0.03,27,1446,28.9,86,166.8,An toàn
4,2017,6,20,23,37.3,0.01,13,177,28.9,86,166.8,An toàn
4,2017,7,19,22,19.9,0.023,25,274,28.9,86,166.8,An toàn
4,2017,8,7,10,10.8,0,30,160,28.9,86,166.8,An toàn
4,2017,9,16,19,17.2,0.02,41,170,28.9,86,166.8,An toàn
5,2017,1,99,102,156.2,0.33,37,2550,28.4,93,311.6,Nguy cơ dịch
5,2017,2,161,164,334.8,0.07,33,5704,28.4,93,311.6,An toàn
5,2017,3,92,95,164.5,0.13,13,6499,28.4,93,311.6,An toàn
5,2017,4,58,61,114.9,0.2,35,1052,28.4,93,311.6,An toàn
5,2017,5,49,52,81.0,0.03,27,1446,28.4,93,311.6,An toàn
5,2017,6,34,37,37.3,0.02,11,177,28.4,93,311.6,An toàn
5,2017,7,19,22,19.9,0.01,29,274,28.4,93,311.6,An toàn
5,2017,8,3,6,10.8,0,7,160,28.4,93,311.6,An toàn
5,2017,9,14,17,17.2,0.01,25,170,28.4,93,311.6,An toàn
6,2017,1,194,197,156.2,0.37,58,2550,28.4,92,169.2,Nguy cơ dịch
6,2017,2,413,416,334.8,0.13,23,5704,28.4,92,169.2,An toàn
6,2017,3,231,234,164.5,0.07,27,6499,28.4,92,169.2,An toàn
6,2017,4,112,115,114.9,0.13,63,1052,28.4,92,169.2,An toàn
6,2017,5,100,103,81.0,0.3,45,1446,28.4,92,169.2,Nguy cơ dịch
6,2017,6,58,61,37.3,0.03,37,177,28.4,92,169.2,An toàn
6,2017,7,14,17,19.9,0,13,274,28.4,92,169.2,An toàn
6,2017,8,13,16,10.8,0.02,20,160,28.4,92,169.2,An toàn
6,2017,9,25,28,17.2,0.01,27,170,28.4,92,169.2,An toàn
7,2017,1,217,220,156.2,0.35,56,2550,27.5,94,274,Nguy cơ dịch
7,2017,2,585,588,334.8,0.2,30,5704,27.5,94,274,Nguy cơ dịch
7,2017,3,320,323,164.5,0.27,27,6499,27.5,94,274,Nguy cơ dịch
7,2017,4,138,141,114.9,0.23,43,1052,27.5,94,274,Nguy cơ dịch
7,2017,5,135,138,81.0,0.12,33,1446,27.5,94,274,An toàn
7,2017,6,71,74,37.3,0.07,34,177,27.5,94,274,An toàn
7,2017,7,24,27,19.9,0.03,17,274,27.5,94,274,An toàn
7,2017,8,13,16,10.8,0.02,20,160,27.5,94,274,An toàn
7,2017,9,31,34,17.2,0.12,23,170,27.5,94,274,An toàn
8,2017,1,266,269,156.2,0.33,55,2550,27.8,94,206.8,Nguy cơ dịch
8,2017,2,541,544,334.8,0.1,53,5704,27.8,94,206.8,An toàn
8,2017,3,326,329,164.5,0.1,30,6499,27.8,94,206.8,An toàn
8,2017,4,148,151,114.9,0.3,25,1052,27.8,94,206.8,Nguy cơ dịch
8,2017,5,133,136,81.0,0.23,43,1446,27.8,94,206.8,Nguy cơ dịch
8,2017,6,62,65,37.3,0.2,40,177,27.8,94,206.8,An toàn
8,2017,7,30,33,19.9,0.1,23,274,27.8,94,206.8,An toàn
8,2017,8,33,36,10.8,0.03,25,160,27.8,94,206.8,An toàn
8,2017,9,45,48,17.2,0.2,27,170,27.8,94,206.8,An toàn
9,2017,1,231,234,156.2,0.2,53,2550,28.2,93,336.2,Nguy cơ dịch
9,2017,2,503,506,334.8,0.13,37,5704,28.2,93,336.2,An toàn
9,2017,3,287,290,164.5,0.2,40,6499,28.2,93,336.2,Nguy cơ dịch
9,2017,4,146,149,114.9,0.13,45,1052,28.2,93,336.2,An toàn
9,2017,5,119,122,81.0,0.2,23,1446,28.2,93,336.2,Nguy cơ dịch
9,2017,6,46,49,37.3,0.03,17,177,28.2,93,336.2,An toàn
9,2017,7,36,39,19.9,0.1,20,274,28.2,93,336.2,An toàn
9,2017,8,10,13,10.8,0.13,25,160,28.2,93,336.2,An toàn
9,2017,9,18,21,17.2,0.03,40,170,28.2,93,336.2,An toàn
10,2017,1,162,165,156.2,0.23,30,2550,27.4,93,411,Nguy cơ dịch
10,2017,2,444,447,334.8,0.2,51,5704,27.4,93,411,Nguy cơ dịch
10,2017,3,164,167,164.5,0.27,33,6499,27.4,93,411,Nguy cơ dịch
10,2017,4,198,201,114.9,0.3,62,1052,27.4,93,411,Nguy cơ dịch
10,2017,5,112,115,81.0,0.33,27,1446,27.4,93,411,Nguy cơ dịch
10,2017,6,21,24,37.3,0.02,13,177,27.4,93,411,An toàn
10,2017,7,20,23,19.9,0.01,11,274,27.4,93,411,An toàn
10,2017,8,4,7,10.8,0,25,160,27.4,93,411,An toàn
10,2017,9,14,17,17.2,0.01,27,170,27.4,93,411,An toàn
11,2017,1,149,152,156.2,0.3,37,2550,27.3,91,202.4,Nguy cơ dịch
11,2017,2,348,351,334.8,0,40,5704,27.3,91,202.4,An toàn
11,2017,3,126,129,164.5,0.46,153,6499,27.3,91,202.4,Nguy cơ dịch
11,2017,4,158,161,114.9,0.33,73,1052,27.3,91,202.4,Nguy cơ dịch
11,2017,5,68,71,81.0,0.23,30,1446,27.3,91,202.4,An toàn
11,2017,6,23,26,37.3,0.02,20,177,27.3,91,202.4,An toàn
11,2017,7,19,22,19.9,0.01,17,274,27.3,91,202.4,An toàn
11,2017,8,13,16,10.8,0.02,25,160,27.3,91,202.4,An toàn
11,2017,9,13,16,17.2,0,15,170,27.3,91,202.4,An toàn
12,2017,1,152,155,156.2,0.3,62,2550,26.8,83,175.6,Nguy cơ dịch
12,2017,2,328,331,334.8,0.1,13,5704,26.8,83,175.6,An toàn
12,2017,3,135,138,164.5,0.1,47,6499,26.8,83,175.6,An toàn
12,2017,4,142,145,114.9,0.2,34,1052,26.8,83,175.6,Nguy cơ dịch
12,2017,5,81,84,81.0,0.2,35,1446,26.8,83,175.6,Nguy cơ dịch
12,2017,6,33,36,37.3,0.03,20,177,26.8,83,175.6,An toàn
12,2017,7,20,23,19.9,0.01,27,274,26.8,83,175.6,An toàn
12,2017,8,11,14,10.8,0.02,20,160,26.8,83,175.6,An toàn
12,2017,9,6,9,17.2,0.01,23,170,26.8,83,175.6,An toàn
1,2018,1,119,122,34.7,0.2,50,2667,27.3,85,18,Nguy cơ dịch
1,2018,2,226,229,52.2,0.13,47,5912,27.3,85,18,An toàn
1,2018,3,113,116,31.3,0.2,40,6743,27.3,85,18,Nguy cơ dịch
1,2018,4,117,120,27.1,0.3,43,1235,27.3,85,18,Nguy cơ dịch
1,2018,5,84,87,28.4,0.2,25,1541,27.3,85,18,Nguy cơ dịch
1,2018,6,14,17,4.2,0.02,14,184,27.3,85,18,An toàn
1,2018,7,15,18,5.5,0.01,20,279,27.3,85,18,An toàn
1,2018,8,9,12,3.5,0.01,17,171,27.3,85,18,An toàn
1,2018,9,17,20,4.2,0.1,23,178,27.3,85,18,An toàn
2,2018,1,78,81,34.7,0.2,30,2667,28.2,83,132,An toàn
2,2018,2,106,109,52.2,0.07,33,5912,28.2,83,132,An toàn
2,2018,3,41,44,31.3,0,10,6743,28.2,83,132,An toàn
2,2018,4,50,53,27.1,0.03,23,1235,28.2,83,132,An toàn
2,2018,5,64,67,28.4,0.07,33,1541,28.2,83,132,An toàn
2,2018,6,8,11,4.2,0,20,184,28.2,83,132,An toàn
2,2018,7,8,11,5.5,0.02,17,279,28.2,83,132,An toàn
2,2018,8,3,6,3.5,0.01,13,171,28.2,83,132,An toàn
2,2018,9,11,14,4.2,0.01,13,178,28.2,83,132,An toàn
3,2018,1,86,89,34.7,0.2,30,2667,29,86,40,Nguy cơ dịch
3,2018,2,106,109,52.2,0.07,20,5912,29,86,40,An toàn
3,2018,3,57,60,31.3,0.13,10,6743,29,86,40,An toàn
3,2018,4,57,60,27.1,0.02,23,1235,29,86,40,An toàn
3,2018,5,58,61,28.4,0.2,30,1541,29,86,40,An toàn
3,2018,6,5,8,4.2,0.02,20,184,29,86,40,An toàn
3,2018,7,23,26,5.5,0.1,15,279,29,86,40,An toàn
3,2018,8,4,7,3.5,0.03,13,171,29,86,40,An toàn
3,2018,9,6,9,4.2,0.01,10,178,29,86,40,An toàn
4,2018,1,63,66,34.7,0.07,40,2667,29.1,88,221,An toàn
4,2018,2,63,66,52.2,0.07,50,5912,29.1,88,221,An toàn
4,2018,3,77,80,31.3,0.2,20,6743,29.1,88,221,An toàn
4,2018,4,49,52,27.1,0.13,25,1235,29.1,88,221,An toàn
4,2018,5,50,53,28.4,0.1,33,1541,29.1,88,221,An toàn
4,2018,6,7,10,4.2,0,13,184,29.1,88,221,An toàn
4,2018,7,9,12,5.5,0.01,17,279,29.1,88,221,An toàn
4,2018,8,9,12,3.5,0.02,23,171,29.1,88,221,An toàn
4,2018,9,7,10,4.2,0.01,15,178,29.1,88,221,An toàn
5,2018,1,59,62,34.7,0.3,63,2667,28.9,93,302,An toàn
5,2018,2,97,100,52.2,0.07,27,5912,28.9,93,302,An toàn
5,2018,3,72,75,31.3,0,27,6743,28.9,93,302,An toàn
5,2018,4,44,47,27.1,0.03,30,1235,28.9,93,302,An toàn
5,2018,5,61,64,28.4,0.02,37,1541,28.9,93,302,An toàn
5,2018,6,13,16,4.2,0.01,10,184,28.9,93,302,An toàn
5,2018,7,9,12,5.5,0.01,15,279,28.9,93,302,An toàn
5,2018,8,15,18,3.5,0.1,17,171,28.9,93,302,An toàn
5,2018,9,9,12,4.2,0.02,30,178,28.9,93,302,An toàn
6,2018,1,11,14,34.7,0.07,34,2667,29.1,91,189.3,An toàn
6,2018,2,28,31,52.2,0.1,40,5912,29.1,91,189.3,An toàn
6,2018,3,16,19,31.3,0.1,20,6743,29.1,91,189.3,An toàn
6,2018,4,8,11,27.1,0.01,13,1235,29.1,91,189.3,An toàn
6,2018,5,24,27,28.4,0.03,17,1541,29.1,91,189.3,An toàn
6,2018,6,19,22,4.2,0,7,184,29.1,91,189.3,An toàn
6,2018,7,25,28,5.5,0.01,5,279,29.1,91,189.3,An toàn
6,2018,8,12,15,3.5,0.01,20,171,29.1,91,189.3,An toàn
6,2018,9,31,34,4.2,0,13,178,29.1,91,189.3,An toàn
7,2018,1,35,38,34.7,0.23,27,2667,29,90,241,An toàn
7,2018,2,23,26,52.2,0.1,43,5912,29,90,241,An toàn
7,2018,3,28,31,31.3,0.2,63,6743,29,90,241,An toàn
7,2018,4,12,15,27.1,0.03,34,1235,29,90,241,An toàn
7,2018,5,37,40,28.4,0.07,17,1541,29,90,241,An toàn
7,2018,6,36,39,4.2,0.07,23,184,29,90,241,An toàn
7,2018,7,24,27,5.5,0.01,25,279,29,90,241,An toàn
7,2018,8,39,42,3.5,0.02,20,171,29,90,241,An toàn
7,2018,9,15,18,4.2,0,13,178,29,90,241,An toàn
8,2018,1,21,24,34.7,0.3,71,2667,29.3,91,178,An toàn
8,2018,2,27,30,52.2,0,16,5912,29.3,91,178,An toàn
8,2018,3,30,33,31.3,0.13,63,6743,29.3,91,178,An toàn
8,2018,4,28,31,27.1,0.2,23,1235,29.3,91,178,An toàn
8,2018,5,25,28,28.4,0.3,25,1541,29.3,91,178,An toàn
8,2018,6,24,27,4.2,0.12,40,184,29.3,91,178,An toàn
8,2018,7,26,29,5.5,0.02,65,279,29.3,91,178,An toàn
8,2018,8,29,32,3.5,0.03,27,171,29.3,91,178,An toàn
8,2018,9,30,33,4.2,0.01,30,178,29.3,91,178,An toàn
9,2018,1,38,41,34.7,0.33,37,2667,28.9,92,402,An toàn
9,2018,2,40,43,52.2,0.2,40,5912,28.9,92,402,An toàn
9,2018,3,37,40,31.3,0.1,35,6743,28.9,92,402,An toàn
9,2018,4,20,23,27.1,0.1,33,1235,28.9,92,402,An toàn
9,2018,5,22,25,28.4,0.07,26,1541,28.9,92,402,An toàn
9,2018,6,29,32,4.2,0.2,30,184,28.9,92,402,An toàn
9,2018,7,23,26,5.5,0.13,20,279,28.9,92,402,An toàn
9,2018,8,26,29,3.5,0.3,30,171,28.9,92,402,An toàn
9,2018,9,27,30,4.2,0.1,33,178,28.9,92,402,An toàn
10,2018,1,32,35,34.7,0.27,83,2667,28.3,89,408,An toàn
10,2018,2,24,27,52.2,0.33,46,5912,28.3,89,408,An toàn
10,2018,3,33,36,31.3,0.2,37,6743,28.3,89,408,An toàn
10,2018,4,25,28,27.1,0.13,40,1235,28.3,89,408,An toàn
10,2018,5,15,18,28.4,0.12,30,1541,28.3,89,408,An toàn
10,2018,6,19,22,4.2,0.03,25,184,28.3,89,408,An toàn
10,2018,7,24,27,5.5,0.2,10,279,28.3,89,408,An toàn
10,2018,8,26,29,3.5,0.03,23,171,28.3,89,408,An toàn
10,2018,9,27,30,4.2,0.07,17,178,28.3,89,408,An toàn
11,2018,1,30,33,34.7,0.42,35,2667,28.1,90,219,An toàn
11,2018,2,31,34,52.2,0.3,43,5912,28.1,90,219,An toàn
11,2018,3,28,31,31.3,0.15,42,6743,28.1,90,219,An toàn
11,2018,4,31,34,27.1,0.13,27,1235,28.1,90,219,An toàn
11,2018,5,27,30,28.4,0,30,1541,28.1,90,219,An toàn
11,2018,6,25,28,4.2,0.1,17,184,28.1,90,219,An toàn
11,2018,7,24,27,5.5,0.03,23,279,28.1,90,219,An toàn
11,2018,8,21,24,3.5,0.02,20,171,28.1,90,219,An toàn
11,2018,9,28,31,4.2,0.02,15,178,28.1,90,219,An toàn
12,2018,1,35,38,34.7,0.45,55,2667,27,86,156,An toàn
12,2018,2,34,37,52.2,0.07,47,5912,27,86,156,An toàn
12,2018,3,37,40,31.3,0.03,36,6743,27,86,156,An toàn
12,2018,4,21,24,27.1,0.01,45,1235,27,86,156,An toàn
12,2018,5,20,23,28.4,0.1,27,1541,27,86,156,An toàn
12,2018,6,29,32,4.2,0.13,32,184,27,86,156,An toàn
12,2018,7,24,27,5.5,0,20,279,27,86,156,An toàn
12,2018,8,25,28,3.5,0.03,40,171,27,86,156,An toàn
12,2018,9,15,18,4.2,0.02,33,178,27,86,156,An toàn
